dataset_id,economic_variable,data_role,data_grain,refresh_policy,operational_status,operational_blocker_reason,predictive_pit_status,automation_policy,automation_enabled,source,layer,coverage_start,retained_latest,contract_version,upstream_dependencies,downstream_dependencies,scheduler_lane,scheduler_management,gui_use,display_consumer_eligibility,display_consumer_reason,research_consumer_eligibility,research_consumer_reason,predictive_consumer_eligibility,predictive_consumer_reason,operations_registry_present_before,operations_registry_entry,registry_present,registry_entry,prior_disposition,reason_if_not_registered_before,retained,physical_artifacts,primary_classification
bok_ecos_kr_treasury_yield_source_observation,Korean Treasury yields,SOURCE_OBSERVATION,DAILY,GAP_FILL,READY_WITH_LIMITS,,PIT_BLOCKED,AUTO_ELIGIBLE,True,bok_ecos:StatisticSearch:817Y002,normalized,1998-11-13,2026-08-13,1,,,BOK_TREASURY_OBSERVATION_DAILY,DIRECT_COLLECTION_MANAGED,DIRECT,ELIGIBLE,DISPLAY_DIRECT_CONTRACT,ELIGIBLE,RESEARCH_RETAINED_CONTRACT,BLOCKED,PREDICTIVE_PIT_BLOCKED,True,bok_ecos_kr_treasury_yield_source_observation,True,bok_ecos_kr_treasury_yield_source_observation,REGISTERED,,True,normalized/bok_ecos_kr_treasury_yield_source_observation,DAILY_SOURCE
fred_treasury_yield_daily,Observed U.S. Treasury constant maturity rates from FRED.,SOURCE,DAILY,GAP_FILL,READY_WITH_LIMITS,,PIT_BLOCKED,AUTO_ELIGIBLE,True,fred,normalized,1962-01-02,2026-08-17,1,,us_treasury_spread_daily,FRED_DAILY,DIRECT_COLLECTION_MANAGED,DIRECT,ELIGIBLE,DISPLAY_DIRECT_CONTRACT,ELIGIBLE,RESEARCH_RETAINED_CONTRACT,BLOCKED,PREDICTIVE_PIT_BLOCKED,True,fred_treasury_yield_daily,True,fred_treasury_yield_daily,REGISTERED,,True,normalized/fred_treasury_yield_daily,DAILY_SOURCE
fred_usd_fx_daily,Observed USD exchange-rate series from FRED's H.10 release. Provider values retain their native quote direction; DEXJPUS is JPY per one USD and must not be inverted or rescaled.,SOURCE,DAILY,GAP_FILL,READY_WITH_LIMITS,,PIT_BLOCKED,AUTO_ELIGIBLE,True,fred,normalized,1971-01-04,2026-08-14,1,,,FRED_DAILY,DIRECT_COLLECTION_MANAGED,DIRECT,ELIGIBLE,DISPLAY_DIRECT_CONTRACT,ELIGIBLE,RESEARCH_RETAINED_CONTRACT,BLOCKED,PREDICTIVE_PIT_BLOCKED,True,fred_usd_fx_daily,True,fred_usd_fx_daily,REGISTERED,,True,normalized/fred_usd_fx_daily,DAILY_SOURCE
fred_vix_daily,Daily VIX close observations distributed by FRED as VIXCLS. This FRED lineage is distinct from the license-blocked direct Cboe Landing route.,SOURCE,DAILY,GAP_FILL,READY_WITH_LIMITS,,PIT_LIMITED,AUTO_ELIGIBLE,True,fred_vixcls,normalized,1990-01-02,2026-08-17,1,,,FRED_DAILY,DIRECT_COLLECTION_MANAGED,DIRECT,ELIGIBLE,DISPLAY_DIRECT_CONTRACT,ELIGIBLE,RESEARCH_RETAINED_CONTRACT,BLOCKED,PREDICTIVE_PIT_LIMITED,True,fred_vix_daily,True,fred_vix_daily,REGISTERED,,True,normalized/fred_vix_daily,DAILY_SOURCE
global_commodity_futures_daily,"Yahoo vendor-continuous market-futures daily OHLCV. The legacy dataset name is retained for compatibility and includes explicitly registered commodity futures plus NQ=F. Not spot prices, individual-expiry contracts, official settlements, or historical provider vintages.",SOURCE,DAILY,GAP_FILL,READY_WITH_LIMITS,,PIT_BLOCKED,AUTO_ELIGIBLE,True,yahoo_chart_api,normalized,2025-08-18,2026-08-18,1,,,GLOBAL_COMMODITY_DAILY,DIRECT_COLLECTION_MANAGED,DIRECT,ELIGIBLE,DISPLAY_DIRECT_CONTRACT,ELIGIBLE,RESEARCH_RETAINED_CONTRACT,BLOCKED,PREDICTIVE_PIT_BLOCKED,False,,True,global_commodity_futures_daily,REGISTRY_MISSING,contracted or retained operational dataset was absent from the 40-row current dataset operations registry,True,normalized/global_commodity_futures_daily,DAILY_SOURCE
global_etf_price_daily,Daily provider OHLCV and separately retained adjusted close for explicitly registered exchange-traded funds. ETFs are never represented as indices.,SOURCE,DAILY,GAP_FILL,READY_WITH_LIMITS,,PIT_BLOCKED,AUTO_ELIGIBLE,True,yahoo_chart_api,normalized,2025-08-18,2026-08-18,1,,,GLOBAL_ETF_DAILY,DIRECT_COLLECTION_MANAGED,DIRECT,ELIGIBLE,DISPLAY_DIRECT_CONTRACT,ELIGIBLE,RESEARCH_RETAINED_CONTRACT,BLOCKED,PREDICTIVE_PIT_BLOCKED,True,global_etf_price_daily,True,global_etf_price_daily,REGISTERED,,True,normalized/global_etf_price_daily,DAILY_SOURCE
global_index_price_daily,Global market index/symbol prices,SOURCE,DAILY,GAP_FILL,READY_WITH_LIMITS,,PIT_LIMITED,AUTO_ELIGIBLE,True,yahoo_chart_api,normalized,1928-01-03,2026-08-18,1,,,GLOBAL_INDEX_DAILY,DIRECT_COLLECTION_MANAGED,DIRECT,ELIGIBLE,DISPLAY_DIRECT_CONTRACT,ELIGIBLE,RESEARCH_RETAINED_CONTRACT,BLOCKED,PREDICTIVE_PIT_LIMITED,True,global_index_price_daily,True,global_index_price_daily,REGISTERED,,True,normalized/global_index_price_daily,DAILY_SOURCE
kb_derivatives_summary_snapshot,Provisional KB derivative quote/volume/open-interest summary.,SNAPSHOT,SNAPSHOT,SNAPSHOT_CAPTURE,MANUAL_ONLY,,NON_PREDICTIVE,MANUAL_GATE,False,kb_securities_open_api,normalized,2026-08-17,2026-08-17,2,,,BROKER_SNAPSHOT,MANUAL_ONLY,NONE,BLOCKED,DISPLAY_NOT_CONTRACTED,ELIGIBLE,RESEARCH_RETAINED_CONTRACT,BLOCKED,PREDICTIVE_NON_PREDICTIVE,False,,True,kb_derivatives_summary_snapshot,REGISTRY_MISSING,contracted or retained operational dataset was absent from the 40-row current dataset operations registry,True,normalized/kb_derivatives_summary_snapshot,SNAPSHOT
kb_domestic_index_snapshot,Korean equity index levels and OHLCV,SNAPSHOT,SNAPSHOT,SNAPSHOT_CAPTURE,MANUAL_ONLY,,NON_PREDICTIVE,MANUAL_GATE,False,kb_securities_open_api,normalized,2026-08-17,2026-08-17,2,,,BROKER_SNAPSHOT,MANUAL_ONLY,NONE,BLOCKED,DISPLAY_NOT_CONTRACTED,ELIGIBLE,RESEARCH_RETAINED_CONTRACT,BLOCKED,PREDICTIVE_NON_PREDICTIVE,False,,True,kb_domestic_index_snapshot,REGISTRY_MISSING,contracted or retained operational dataset was absent from the 40-row current dataset operations registry,True,normalized/kb_domestic_index_snapshot,SNAPSHOT
kb_global_symbol_snapshot,Global market index/symbol prices,SNAPSHOT,SNAPSHOT,SNAPSHOT_CAPTURE,MANUAL_ONLY,,NON_PREDICTIVE,MANUAL_GATE,False,kb_securities_open_api,normalized,2026-08-17,2026-08-17,2,,,BROKER_SNAPSHOT,MANUAL_ONLY,NONE,BLOCKED,DISPLAY_NOT_CONTRACTED,ELIGIBLE,RESEARCH_RETAINED_CONTRACT,BLOCKED,PREDICTIVE_NON_PREDICTIVE,False,,True,kb_global_symbol_snapshot,REGISTRY_MISSING,contracted or retained operational dataset was absent from the 40-row current dataset operations registry,True,normalized/kb_global_symbol_snapshot,SNAPSHOT
kb_investor_flow_snapshot,Korean market investor net trading flow,SNAPSHOT,SNAPSHOT,SNAPSHOT_CAPTURE,MANUAL_ONLY,,NON_PREDICTIVE,MANUAL_GATE,False,kb_securities_open_api,normalized,2026-08-17,2026-08-17,3,,,BROKER_SNAPSHOT,MANUAL_ONLY,STATUS_ONLY,LIMITED,DISPLAY_STATUS_ONLY,ELIGIBLE,RESEARCH_RETAINED_CONTRACT,BLOCKED,PREDICTIVE_NON_PREDICTIVE,True,kb_investor_flow_snapshot,True,kb_investor_flow_snapshot,REGISTERED,,True,normalized/kb_investor_flow_snapshot,SNAPSHOT
kb_market_breadth_snapshot,Korean equity market breadth,SNAPSHOT,SNAPSHOT,SNAPSHOT_CAPTURE,MANUAL_ONLY,,NON_PREDICTIVE,MANUAL_GATE,False,kb_securities_open_api,normalized,2026-08-17,2026-08-18,2,,,BROKER_SNAPSHOT,MANUAL_ONLY,NONE,BLOCKED,DISPLAY_NOT_CONTRACTED,ELIGIBLE,RESEARCH_RETAINED_CONTRACT,BLOCKED,PREDICTIVE_NON_PREDICTIVE,False,,True,kb_market_breadth_snapshot,REGISTRY_MISSING,contracted or retained operational dataset was absent from the 40-row current dataset operations registry,True,normalized/kb_market_breadth_snapshot,SNAPSHOT
kb_market_liquidity_snapshot,Korean securities-market liquidity,SNAPSHOT,SNAPSHOT,SNAPSHOT_CAPTURE,MANUAL_ONLY,,NON_PREDICTIVE,MANUAL_GATE,False,kb_securities_open_api,normalized,2026-08-17,2026-08-17,2,,,BROKER_SNAPSHOT,MANUAL_ONLY,NONE,BLOCKED,DISPLAY_NOT_CONTRACTED,ELIGIBLE,RESEARCH_RETAINED_CONTRACT,BLOCKED,PREDICTIVE_NON_PREDICTIVE,False,,True,kb_market_liquidity_snapshot,REGISTRY_MISSING,contracted or retained operational dataset was absent from the 40-row current dataset operations registry,True,normalized/kb_market_liquidity_snapshot,SNAPSHOT
kb_program_trading_snapshot,Korean market program trading,SNAPSHOT,SNAPSHOT,SNAPSHOT_CAPTURE,MANUAL_ONLY,,NON_PREDICTIVE,MANUAL_GATE,False,kb_securities_open_api,normalized,2026-08-17,2026-08-17,2,,,BROKER_SNAPSHOT,MANUAL_ONLY,NONE,BLOCKED,DISPLAY_NOT_CONTRACTED,ELIGIBLE,RESEARCH_RETAINED_CONTRACT,BLOCKED,PREDICTIVE_NON_PREDICTIVE,False,,True,kb_program_trading_snapshot,REGISTRY_MISSING,contracted or retained operational dataset was absent from the 40-row current dataset operations registry,True,normalized/kb_program_trading_snapshot,SNAPSHOT
kr_credit_balance_daily,Korean securities credit balances,SOURCE,DAILY,GAP_FILL,READY_WITH_LIMITS,,PIT_BLOCKED,AUTO_ELIGIBLE,True,data_go_kr:GetKofiaStatisticsInfoService/getGrantingOfCreditBalanceInfo,normalized,2021-11-09,2026-08-06,1,,,LIQUIDITY_CREDIT_DAILY,DIRECT_COLLECTION_MANAGED,STATUS_ONLY,LIMITED,DISPLAY_STATUS_ONLY,ELIGIBLE,RESEARCH_RETAINED_CONTRACT,BLOCKED,PREDICTIVE_PIT_BLOCKED,True,kr_credit_balance_daily,True,kr_credit_balance_daily,REGISTERED,,True,normalized/kr_credit_balance_daily,DAILY_SOURCE
kr_credit_benchmark_yield_daily,Korean credit benchmark yields,RAW_OBSERVATION,DAILY,MANUAL_RESEARCH,MANUAL_ONLY,,PIT_BLOCKED,RESEARCH_ONLY,False,KRX/pykrx,landing,2002,2026-08-12,,,,NO_SCHEDULER_LANE,RESEARCH,NONE,BLOCKED,DISPLAY_NOT_CONTRACTED,LIMITED,RESEARCH_RETAINED_EVIDENCE_ONLY,BLOCKED,PREDICTIVE_PIT_BLOCKED,False,,True,kr_credit_benchmark_yield_daily,INTENTIONALLY_EXCLUDED,historical/research/provider-specific dataset intentionally excluded from the 40-row current dataset operations registry,True,landing/diagnostics/pykrx_fundamentals_pilot::credit_benchmark,HISTORICAL_STATIC
kr_derivatives_futures_daily,Daily source futures prices and activity.,SOURCE,DAILY,DISABLED_PENDING_CONTRACT,BLOCKED,PERMISSION,PIT_BLOCKED,DISABLED,False,data_go_kr:GetDerivativeProductInfoService/getStockFuturesPriceInfo,normalized,2022-09-19,2022-09-19,1,,,NO_SCHEDULER_LANE,BLOCKED,STATUS_ONLY,LIMITED,DISPLAY_STATUS_ONLY,ELIGIBLE,RESEARCH_RETAINED_CONTRACT,BLOCKED,PREDICTIVE_PIT_BLOCKED,True,kr_derivatives_futures_daily,True,kr_derivatives_futures_daily,REGISTERED,,True,normalized/kr_derivatives_futures_daily,BLOCKED
kr_derivatives_options_daily,"Daily source option prices, activity and implied volatility.",SOURCE,DAILY,DISABLED_PENDING_CONTRACT,BLOCKED,PERMISSION,PIT_BLOCKED,DISABLED,False,data_go_kr:GetDerivativeProductInfoService/getOptionsPriceInfo,normalized,2022-09-19,2022-09-19,1,,,NO_SCHEDULER_LANE,BLOCKED,STATUS_ONLY,LIMITED,DISPLAY_STATUS_ONLY,ELIGIBLE,RESEARCH_RETAINED_CONTRACT,BLOCKED,PREDICTIVE_PIT_BLOCKED,True,kr_derivatives_options_daily,True,kr_derivatives_options_daily,REGISTERED,,True,normalized/kr_derivatives_options_daily,BLOCKED
kr_equity_canonical_universe_daily,Korean equity point-in-time universe,PUBLISHED_BRIDGE,DAILY,UPSTREAM_DEPENDENCY,READY_WITH_FINALITY_GATE,,PIT_LIMITED,DEPENDENCY_DRIVEN,True,kr_equity_universe_daily+data_go_kr_stock_price_identity+kr_equity_master(metadata_only),published,1995-05-02,2026-08-13,1,kr_equity_price_daily|kr_equity_market_cap_daily|kr_equity_universe_daily|kr_equity_master,kr_market_breadth_daily,CANONICAL_EQUITY_DAILY,DEPENDENCY_REFRESH_MANAGED,STATUS_ONLY,LIMITED,DISPLAY_STATUS_ONLY,ELIGIBLE,RESEARCH_RETAINED_CONTRACT,BLOCKED,PREDICTIVE_PIT_LIMITED,True,kr_equity_canonical_universe_daily,True,kr_equity_canonical_universe_daily,REGISTERED,,True,published/kr_equity_canonical_universe_daily,DERIVED_DEPENDENCY
kr_equity_credit_trading_daily,Korean securities credit balances,SOURCE,DAILY,MANUAL_RESEARCH,NOT_APPLICABLE,,PIT_BLOCKED,RESEARCH_ONLY,False,tossinvest_open_api,normalized,,,1,,,NO_SCHEDULER_LANE,RESEARCH,NONE,BLOCKED,DISPLAY_NOT_CONTRACTED,LIMITED,RESEARCH_CONTRACT_NO_RETAINED_EVIDENCE,BLOCKED,PREDICTIVE_PIT_BLOCKED,False,,True,kr_equity_credit_trading_daily,INTENTIONALLY_EXCLUDED,historical/research/provider-specific dataset intentionally excluded from the 40-row current dataset operations registry,False,,BLOCKED
kr_equity_dividend,Korean equity dividend events,SOURCE_OBSERVATION,EVENT_DRIVEN,APPEND_EVENT,MANUAL_ONLY,,PIT_BLOCKED,MANUAL_GATE,False,data_go_kr:GetStocDiviInfoService_V2/getDiviInfo_V2,normalized,2026-08-08,2026-08-08,1,,,CORPORATE_ACTION_EVENT,EVENT_MANAGED,NONE,BLOCKED,DISPLAY_NOT_CONTRACTED,ELIGIBLE,RESEARCH_RETAINED_CONTRACT,BLOCKED,PREDICTIVE_PIT_BLOCKED,False,,True,kr_equity_dividend,REGISTRY_MISSING,contracted or retained operational dataset was absent from the 40-row current dataset operations registry,True,normalized/kr_equity_dividend,EVENT_DRIVEN
kr_equity_dividend_source_observation,Korean equity dividend events,SOURCE_OBSERVATION,EVENT_DRIVEN,APPEND_EVENT,MANUAL_ONLY,,PIT_BLOCKED,MANUAL_GATE,False,data_go_kr:GetStocDiviInfoService_V2/getDiviInfo_V2; retained_landing_snapshot,normalized,2026-08-08,2026-08-08,1,,,CORPORATE_ACTION_EVENT,EVENT_MANAGED,NONE,BLOCKED,DISPLAY_NOT_CONTRACTED,ELIGIBLE,RESEARCH_RETAINED_CONTRACT,BLOCKED,PREDICTIVE_PIT_BLOCKED,False,,True,kr_equity_dividend_source_observation,REGISTRY_MISSING,contracted or retained operational dataset was absent from the 40-row current dataset operations registry,True,normalized/kr_equity_dividend_source_observation,EVENT_DRIVEN
kr_equity_foreign_ownership_daily,Korean equity foreign ownership,RAW_OBSERVATION,DAILY,GAP_FILL,MANUAL_ONLY,,PIT_BLOCKED,MANUAL_GATE,False,KRX/pykrx MDCSTAT03701,landing,2000-01-05,2026-08-12,,,,NO_SCHEDULER_LANE,MANUAL_ONLY,NONE,BLOCKED,DISPLAY_NOT_CONTRACTED,LIMITED,RESEARCH_RETAINED_EVIDENCE_ONLY,BLOCKED,PREDICTIVE_PIT_BLOCKED,False,,True,kr_equity_foreign_ownership_daily,INTENTIONALLY_EXCLUDED,historical/research/provider-specific dataset intentionally excluded from the 40-row current dataset operations registry,True,landing/pykrx/high_value_raw/kr_equity_foreign_ownership_daily,HISTORICAL_STATIC
kr_equity_fundamental_daily,Korean equity valuation fundamentals,RAW_OBSERVATION,DAILY,MANUAL_RESEARCH,MANUAL_ONLY,,PIT_BLOCKED,RESEARCH_ONLY,False,KRX/pykrx MDCSTAT03501,landing,2008-01-03,2026-08-12,,,,NO_SCHEDULER_LANE,RESEARCH,NONE,BLOCKED,DISPLAY_NOT_CONTRACTED,LIMITED,RESEARCH_RETAINED_EVIDENCE_ONLY,BLOCKED,PREDICTIVE_PIT_BLOCKED,False,,True,kr_equity_fundamental_daily,INTENTIONALLY_EXCLUDED,historical/research/provider-specific dataset intentionally excluded from the 40-row current dataset operations registry,True,landing/pykrx/high_value_raw/kr_equity_fundamental_daily,HISTORICAL_STATIC
kr_equity_market_cap_daily,Daily market capitalization facts for Korean equities.,SOURCE,DAILY,GAP_FILL,READY_WITH_FINALITY_GATE,,PIT_LIMITED,AUTO_ELIGIBLE,True,financedata_marcap(1995-2009)+krx_open_api(2010-2019)+data_go_kr(2020+),normalized,1995-05-02,2026-08-13,2,,kr_equity_canonical_universe_daily,CANONICAL_EQUITY_DAILY,DIRECT_COLLECTION_MANAGED,STATUS_ONLY,LIMITED,DISPLAY_STATUS_ONLY,ELIGIBLE,RESEARCH_RETAINED_CONTRACT,BLOCKED,PREDICTIVE_PIT_LIMITED,True,kr_equity_market_cap_daily,True,kr_equity_market_cap_daily,REGISTERED,,True,normalized/kr_equity_market_cap_daily,DAILY_SOURCE
kr_equity_master,Korean equity identity and authoritative listing lifecycle facts.,SOURCE,EVENT_DRIVEN,APPEND_EVENT,MANUAL_ONLY,,PIT_BLOCKED,MANUAL_GATE,False,data_go_kr_stock_issuance+daily_source_identity,normalized,2026-08-08,2026-08-08,2,,kr_equity_canonical_universe_daily,CORPORATE_ACTION_EVENT,EVENT_MANAGED,NONE,BLOCKED,DISPLAY_NOT_CONTRACTED,ELIGIBLE,RESEARCH_RETAINED_CONTRACT,BLOCKED,PREDICTIVE_PIT_BLOCKED,False,,True,kr_equity_master,REGISTRY_MISSING,contracted or retained operational dataset was absent from the 40-row current dataset operations registry,True,normalized/kr_equity_master,EVENT_DRIVEN
kr_equity_price_daily,Korean equity daily prices,SOURCE,DAILY,GAP_FILL,READY_WITH_FINALITY_GATE,,PIT_LIMITED,AUTO_ELIGIBLE,True,financedata_marcap(1995-2009)+krx_open_api(2010-2019)+data_go_kr(2020+),normalized,1995-05-02,2026-08-13,2,,kr_equity_canonical_universe_daily|kr_kospi200_breadth_daily|kr_kospi200_constituent_price_daily|kr_market_breadth_daily,CANONICAL_EQUITY_DAILY,DIRECT_COLLECTION_MANAGED,DIRECT,ELIGIBLE,DISPLAY_DIRECT_CONTRACT,ELIGIBLE,RESEARCH_RETAINED_CONTRACT,BLOCKED,PREDICTIVE_PIT_LIMITED,True,kr_equity_price_daily,True,kr_equity_price_daily,REGISTERED,,True,normalized/kr_equity_price_daily,DAILY_SOURCE
kr_equity_program_trading_daily,Korean market program trading,SOURCE,DAILY,MANUAL_RESEARCH,NOT_APPLICABLE,,PIT_BLOCKED,RESEARCH_ONLY,False,tossinvest_open_api,normalized,,,1,,,NO_SCHEDULER_LANE,RESEARCH,NONE,BLOCKED,DISPLAY_NOT_CONTRACTED,LIMITED,RESEARCH_CONTRACT_NO_RETAINED_EVIDENCE,BLOCKED,PREDICTIVE_PIT_BLOCKED,False,,True,kr_equity_program_trading_daily,INTENTIONALLY_EXCLUDED,historical/research/provider-specific dataset intentionally excluded from the 40-row current dataset operations registry,False,,BLOCKED
kr_equity_rights_schedule,Immutable source observations of corporate-right schedule records; not canonical economic events.,SOURCE_OBSERVATION,EVENT_DRIVEN,APPEND_EVENT,MANUAL_ONLY,,PIT_BLOCKED,MANUAL_GATE,False,data_go_kr:GetStocRighScheService_V2/getRighExerReasSche_V2,normalized,2019-12-31,2019-12-31,2,,,CORPORATE_ACTION_EVENT,EVENT_MANAGED,NONE,BLOCKED,DISPLAY_NOT_CONTRACTED,ELIGIBLE,RESEARCH_RETAINED_CONTRACT,BLOCKED,PREDICTIVE_PIT_BLOCKED,False,,True,kr_equity_rights_schedule,REGISTRY_MISSING,contracted or retained operational dataset was absent from the 40-row current dataset operations registry,True,normalized/kr_equity_rights_schedule,EVENT_DRIVEN
kr_equity_sector_classification,Korean equity sector classification,RAW_OBSERVATION,DAILY,DISABLED_PENDING_CONTRACT,BLOCKED,SEMANTICS,PIT_BLOCKED,DISABLED,False,KRX/pykrx bounded pilot,landing,2020-01-02,2026-08-14,,,,NO_SCHEDULER_LANE,BLOCKED,NONE,BLOCKED,DISPLAY_NOT_CONTRACTED,LIMITED,RESEARCH_RETAINED_EVIDENCE_ONLY,BLOCKED,PREDICTIVE_PIT_BLOCKED,False,,True,kr_equity_sector_classification,INTENTIONALLY_EXCLUDED,historical/research/provider-specific dataset intentionally excluded from the 40-row current dataset operations registry,True,landing/diagnostics/pykrx_fundamentals_pilot::sector_classification,BLOCKED
kr_equity_securities_lending_daily,Korean equity securities lending,SOURCE,DAILY,MANUAL_RESEARCH,NOT_APPLICABLE,,PIT_BLOCKED,RESEARCH_ONLY,False,tossinvest_open_api,normalized,,,1,,,NO_SCHEDULER_LANE,RESEARCH,NONE,BLOCKED,DISPLAY_NOT_CONTRACTED,LIMITED,RESEARCH_CONTRACT_NO_RETAINED_EVIDENCE,BLOCKED,PREDICTIVE_PIT_BLOCKED,False,,True,kr_equity_securities_lending_daily,INTENTIONALLY_EXCLUDED,historical/research/provider-specific dataset intentionally excluded from the 40-row current dataset operations registry,False,,BLOCKED
kr_equity_short_selling_daily,Korean equity short-selling trading,SOURCE,DAILY,MANUAL_RESEARCH,NOT_APPLICABLE,,PIT_BLOCKED,RESEARCH_ONLY,False,tossinvest_open_api,normalized,,,1,,,NO_SCHEDULER_LANE,RESEARCH,NONE,BLOCKED,DISPLAY_NOT_CONTRACTED,LIMITED,RESEARCH_CONTRACT_NO_RETAINED_EVIDENCE,BLOCKED,PREDICTIVE_PIT_BLOCKED,False,,True,kr_equity_short_selling_daily,INTENTIONALLY_EXCLUDED,historical/research/provider-specific dataset intentionally excluded from the 40-row current dataset operations registry,False,,BLOCKED
kr_equity_stock_issuance_source_observation,"Immutable rows from a captured getStocIssuInfo_V3 snapshot. Source reference date and event-effective date remain distinct; historical publication timing is unknown, so predictive use is blocked.",SOURCE_OBSERVATION,EVENT_DRIVEN,APPEND_EVENT,MANUAL_ONLY,,PIT_BLOCKED,MANUAL_GATE,False,data_go_kr:GetStocIssuInfoService_V3/getStocIssuInfo_V3,normalized,2020-07-14,2026-08-12,1,,,CORPORATE_ACTION_EVENT,EVENT_MANAGED,NONE,BLOCKED,DISPLAY_NOT_CONTRACTED,ELIGIBLE,RESEARCH_RETAINED_CONTRACT,BLOCKED,PREDICTIVE_PIT_BLOCKED,False,,True,kr_equity_stock_issuance_source_observation,REGISTRY_MISSING,contracted or retained operational dataset was absent from the 40-row current dataset operations registry,True,normalized/kr_equity_stock_issuance_source_observation,EVENT_DRIVEN
kr_equity_universe_daily,Korean equity point-in-time universe,SOURCE,DAILY,GAP_FILL,READY_WITH_FINALITY_GATE,,PIT_LIMITED,AUTO_ELIGIBLE,True,financedata_marcap(1995-2009)+krx_open_api_basic_info(2010-2019)+data_go_kr_listed_info(2020+),normalized,1995-05-02,2026-08-13,2,,kr_equity_canonical_universe_daily,CANONICAL_EQUITY_DAILY,DIRECT_COLLECTION_MANAGED,STATUS_ONLY,LIMITED,DISPLAY_STATUS_ONLY,ELIGIBLE,RESEARCH_RETAINED_CONTRACT,BLOCKED,PREDICTIVE_PIT_LIMITED,True,kr_equity_universe_daily,True,kr_equity_universe_daily,REGISTERED,,True,normalized/kr_equity_universe_daily,DAILY_SOURCE
kr_etf_ohlcv_daily,Korean ETF daily OHLCV,RAW_OBSERVATION,DAILY,MANUAL_RESEARCH,MANUAL_ONLY,,PIT_BLOCKED,RESEARCH_ONLY,False,KRX/pykrx MDCSTAT04301 shared bytes,landing,2008-01-02,2026-08-12,,,,NO_SCHEDULER_LANE,RESEARCH,NONE,BLOCKED,DISPLAY_NOT_CONTRACTED,LIMITED,RESEARCH_RETAINED_EVIDENCE_ONLY,BLOCKED,PREDICTIVE_PIT_BLOCKED,False,,True,kr_etf_ohlcv_daily,INTENTIONALLY_EXCLUDED,historical/research/provider-specific dataset intentionally excluded from the 40-row current dataset operations registry,True,landing/pykrx/high_value_raw/kr_etf_universe_daily,HISTORICAL_STATIC
kr_etf_universe_daily,Korean ETF point-in-time universe,RAW_OBSERVATION,DAILY,MANUAL_RESEARCH,MANUAL_ONLY,,PIT_BLOCKED,RESEARCH_ONLY,False,KRX/pykrx MDCSTAT04301,landing,2008-01-02,2026-08-12,,,,NO_SCHEDULER_LANE,RESEARCH,NONE,BLOCKED,DISPLAY_NOT_CONTRACTED,LIMITED,RESEARCH_RETAINED_EVIDENCE_ONLY,BLOCKED,PREDICTIVE_PIT_BLOCKED,False,,True,kr_etf_universe_daily,INTENTIONALLY_EXCLUDED,historical/research/provider-specific dataset intentionally excluded from the 40-row current dataset operations registry,True,landing/pykrx/high_value_raw/kr_etf_universe_daily,HISTORICAL_STATIC
kr_index_constituent_daily,Korean index exact-date membership,SOURCE,DAILY,GAP_FILL,READY_WITH_FINALITY_GATE,,PIT_SAFE,AUTO_ELIGIBLE,True,KRX MDCSTAT00601 exact-date observation,normalized,2026-08-12,2026-08-25,1,,kr_kospi200_constituent_price_daily,KOSPI200_BREADTH_DAILY,DIRECT_COLLECTION_MANAGED,STATUS_ONLY,LIMITED,DISPLAY_STATUS_ONLY,ELIGIBLE,RESEARCH_RETAINED_CONTRACT,ELIGIBLE,PREDICTIVE_PIT_SAFE,True,kr_index_constituent_daily,True,kr_index_constituent_daily,REGISTERED,,True,landing/diagnostics/pykrx_fundamentals_pilot::index_constituent|landing/krx_mdc/kr_index_constituent_daily|normalized/kr_index_constituent_daily,DAILY_SOURCE
kr_index_daily,Korean equity index levels and OHLCV,SOURCE,DAILY,GAP_FILL,READY_WITH_FINALITY_GATE,,PIT_LIMITED,AUTO_ELIGIBLE,True,pykrx,normalized,1975-01-04,2026-08-19,2,,,KR_INDEX_DAILY,DIRECT_COLLECTION_MANAGED,DIRECT,ELIGIBLE,DISPLAY_DIRECT_CONTRACT,ELIGIBLE,RESEARCH_RETAINED_CONTRACT,BLOCKED,PREDICTIVE_PIT_LIMITED,True,kr_index_daily,True,kr_index_daily,REGISTERED,,True,normalized/kr_index_daily,DAILY_SOURCE
kr_index_fundamental_daily,"Official KRX broad-index close, weighted PER/PBR, and dividend yield with every normalized row bound to its retained response digest.",SOURCE,DAILY,GAP_FILL,READY_WITH_FINALITY_GATE,,NON_PREDICTIVE,AUTO_ELIGIBLE,True,krx_mdcstat00702,normalized,2000-01-04,2026-08-25,1,,,KR_INDEX_FUNDAMENTAL_DAILY,DIRECT_COLLECTION_MANAGED,STATUS_ONLY,LIMITED,DISPLAY_STATUS_ONLY,ELIGIBLE,RESEARCH_RETAINED_CONTRACT,BLOCKED,PREDICTIVE_NON_PREDICTIVE,True,kr_index_fundamental_daily,True,kr_index_fundamental_daily,REGISTERED,,True,landing/diagnostics/pykrx_fundamentals_pilot::index_fundamental|landing/kr_index_fundamental_daily|normalized/kr_index_fundamental_daily,DAILY_SOURCE
kr_investor_flow_daily,Korean market investor net trading flow,SOURCE,DAILY,MANUAL_RESEARCH,NOT_APPLICABLE,,PIT_BLOCKED,RESEARCH_ONLY,False,pykrx,normalized,,,1,,,NO_SCHEDULER_LANE,RESEARCH,NONE,BLOCKED,DISPLAY_NOT_CONTRACTED,LIMITED,RESEARCH_CONTRACT_NO_RETAINED_EVIDENCE,BLOCKED,PREDICTIVE_PIT_BLOCKED,False,,True,kr_investor_flow_daily,INTENTIONALLY_EXCLUDED,historical/research/provider-specific dataset intentionally excluded from the 40-row current dataset operations registry,False,,BLOCKED
kr_kosdaq150_futures_daily,Daily KOSDAQ150 outright futures source observations; spreads and unrelated derivatives are excluded.,SOURCE,DAILY,DISABLED_PENDING_CONTRACT,BLOCKED,PERMISSION,PIT_BLOCKED,DISABLED,False,data_go_kr:GetDerivativeProductInfoService/getStockFuturesPriceInfo,normalized,2022-09-19,2022-09-19,1,,,NO_SCHEDULER_LANE,BLOCKED,NONE,BLOCKED,DISPLAY_NOT_CONTRACTED,ELIGIBLE,RESEARCH_RETAINED_CONTRACT,BLOCKED,PREDICTIVE_PIT_BLOCKED,False,,True,kr_kosdaq150_futures_daily,REGISTRY_MISSING,contracted or retained operational dataset was absent from the 40-row current dataset operations registry,True,normalized/kr_kosdaq150_futures_daily,BLOCKED
kr_kosdaq150_options_daily,"Daily regular-monthly KOSDAQ150 options source observations; weekly, mini and single-stock options are excluded.",SOURCE,DAILY,DISABLED_PENDING_CONTRACT,BLOCKED,PERMISSION,PIT_BLOCKED,DISABLED,False,data_go_kr:GetDerivativeProductInfoService/getOptionsPriceInfo,normalized,2022-09-19,2022-09-19,1,,,NO_SCHEDULER_LANE,BLOCKED,NONE,BLOCKED,DISPLAY_NOT_CONTRACTED,ELIGIBLE,RESEARCH_RETAINED_CONTRACT,BLOCKED,PREDICTIVE_PIT_BLOCKED,False,,True,kr_kosdaq150_options_daily,REGISTRY_MISSING,contracted or retained operational dataset was absent from the 40-row current dataset operations registry,True,normalized/kr_kosdaq150_options_daily,BLOCKED
kr_kospi200_breadth_daily,Korean equity market breadth,DERIVED,DAILY,UPSTREAM_DEPENDENCY,READY_WITH_FINALITY_GATE,,PIT_SAFE,DEPENDENCY_DRIVEN,True,kr_kospi200_constituent_price_daily+previous-session kr_equity_price_daily,derived,2026-08-12,2026-08-25,1,kr_kospi200_constituent_price_daily|kr_equity_price_daily,,KOSPI200_BREADTH_DAILY,DEPENDENCY_REFRESH_MANAGED,DIRECT,ELIGIBLE,DISPLAY_DIRECT_CONTRACT,ELIGIBLE,RESEARCH_RETAINED_CONTRACT,ELIGIBLE,PREDICTIVE_PIT_SAFE,True,kr_kospi200_breadth_daily,True,kr_kospi200_breadth_daily,REGISTERED,,True,derived/kr_kospi200_breadth_daily,DERIVED_DEPENDENCY
kr_kospi200_constituent_price_daily,Korean equity daily prices,PUBLISHED_BRIDGE,DAILY,UPSTREAM_DEPENDENCY,READY_WITH_FINALITY_GATE,,PIT_SAFE,DEPENDENCY_DRIVEN,True,kr_equity_price_daily+kr_index_constituent_daily,published,2026-08-12,2026-08-25,1,kr_index_constituent_daily|kr_equity_price_daily,kr_kospi200_breadth_daily,KOSPI200_BREADTH_DAILY,DEPENDENCY_REFRESH_MANAGED,STATUS_ONLY,LIMITED,DISPLAY_STATUS_ONLY,ELIGIBLE,RESEARCH_RETAINED_CONTRACT,ELIGIBLE,PREDICTIVE_PIT_SAFE,True,kr_kospi200_constituent_price_daily,True,kr_kospi200_constituent_price_daily,REGISTERED,,True,published/kr_kospi200_constituent_price_daily,DERIVED_DEPENDENCY
kr_kospi200_futures_daily,KOSPI200 futures prices and provider observations,SOURCE,DAILY,GAP_FILL,READY,,PIT_BLOCKED,AUTO_ELIGIBLE,True,data_go_kr:GetDerivativeProductInfoService/getStockFuturesPriceInfo,normalized,2020-01-02,2026-08-25,1,,kr_kospi200_futures_provider_bridge_daily,DERIVATIVES_PRICE_DAILY,DIRECT_COLLECTION_MANAGED,NONE,BLOCKED,DISPLAY_NOT_CONTRACTED,ELIGIBLE,RESEARCH_RETAINED_CONTRACT,BLOCKED,PREDICTIVE_PIT_BLOCKED,False,,True,kr_kospi200_futures_daily,REGISTRY_MISSING,contracted or retained operational dataset was absent from the 40-row current dataset operations registry,True,normalized/kr_kospi200_futures_daily,DAILY_SOURCE
kr_kospi200_futures_investor_net_purchase_daily,KOSPI200 futures investor trading flow,SOURCE,DAILY,GAP_FILL,MANUAL_ONLY,,PIT_LIMITED,MANUAL_GATE,False,krx_basic_statistics:15007:manual_csv,normalized,1999-04-26,2026-08-13,1,kr_kospi200_futures_investor_trading_daily,,DERIVATIVES_INVESTOR_DAILY,MANUAL_ONLY,DIRECT,ELIGIBLE,DISPLAY_DIRECT_CONTRACT,ELIGIBLE,RESEARCH_RETAINED_CONTRACT,BLOCKED,PREDICTIVE_PIT_LIMITED,True,kr_kospi200_futures_investor_net_purchase_daily,True,kr_kospi200_futures_investor_net_purchase_daily,REGISTERED,,True,normalized/kr_kospi200_futures_investor_net_purchase_daily,DAILY_SOURCE
kr_kospi200_futures_investor_trading_daily,KOSPI200 futures investor trading flow,SOURCE,DAILY,DISABLED_PENDING_CONTRACT,BLOCKED,PERMISSION,PIT_BLOCKED,DISABLED,False,krx_basic_statistics:15007,normalized,,,1,,kr_kospi200_futures_investor_net_purchase_daily,DERIVATIVES_INVESTOR_DAILY,BLOCKED,NONE,BLOCKED,DISPLAY_NOT_CONTRACTED,LIMITED,RESEARCH_CONTRACT_NO_RETAINED_EVIDENCE,BLOCKED,PREDICTIVE_PIT_BLOCKED,False,,True,kr_kospi200_futures_investor_trading_daily,INTENTIONALLY_EXCLUDED,historical/research/provider-specific dataset intentionally excluded from the 40-row current dataset operations registry,False,,BLOCKED
kr_kospi200_futures_nearest_listed_daily,Daily nearest source-listed KOSPI200 outright futures observation by provider segment and source session. This is not a back-adjusted or expiry-calendar continuous contract.,DERIVED,DAILY,UPSTREAM_DEPENDENCY,READY,,PIT_SAFE,DEPENDENCY_DRIVEN,True,kr_kospi200_futures_provider_bridge_daily+normalized_provider_rows,derived,2010-01-04,2026-08-25,1,kr_kospi200_futures_provider_bridge_daily|kr_kospi200_index_daily,,DERIVATIVES_PRICE_DAILY,DEPENDENCY_REFRESH_MANAGED,DIRECT,ELIGIBLE,DISPLAY_DIRECT_CONTRACT,ELIGIBLE,RESEARCH_RETAINED_CONTRACT,ELIGIBLE,PREDICTIVE_PIT_SAFE,True,kr_kospi200_futures_nearest_listed_daily,True,kr_kospi200_futures_nearest_listed_daily,REGISTERED,,True,derived/kr_kospi200_futures_nearest_listed_daily,DERIVED_DEPENDENCY
kr_kospi200_futures_provider_bridge_daily,KOSPI200 futures prices and provider observations,PUBLISHED_BRIDGE,DAILY,UPSTREAM_DEPENDENCY,READY,,PIT_BLOCKED,DEPENDENCY_DRIVEN,True,legacy_stock_investment+data_go_kr,published,2010-01-04,2026-08-25,1,krx_legacy_kospi200_futures_daily|kr_kospi200_futures_daily,kr_kospi200_futures_nearest_listed_daily,DERIVATIVES_PRICE_DAILY,DEPENDENCY_REFRESH_MANAGED,STATUS_ONLY,LIMITED,DISPLAY_STATUS_ONLY,ELIGIBLE,RESEARCH_RETAINED_CONTRACT,BLOCKED,PREDICTIVE_PIT_BLOCKED,True,kr_kospi200_futures_provider_bridge_daily,True,kr_kospi200_futures_provider_bridge_daily,REGISTERED,,True,published/c007_kospi200_derivatives_bridge/kr_kospi200_futures_provider_bridge_daily,DERIVED_DEPENDENCY
kr_kospi200_index_daily,Korean equity index levels and OHLCV,SOURCE,DAILY,GAP_FILL,READY_WITH_FINALITY_GATE,,PIT_SAFE,AUTO_ELIGIBLE,True,pykrx:get_index_ohlcv:1028,normalized,1990-01-03,2026-08-19,1,,kr_kospi200_futures_nearest_listed_daily|kr_kospi200_option_walls_daily,KR_INDEX_DAILY,DIRECT_COLLECTION_MANAGED,DIRECT,ELIGIBLE,DISPLAY_DIRECT_CONTRACT,ELIGIBLE,RESEARCH_RETAINED_CONTRACT,ELIGIBLE,PREDICTIVE_PIT_SAFE,True,kr_kospi200_index_daily,True,kr_kospi200_index_daily,REGISTERED,,True,normalized/kr_kospi200_index_daily,DAILY_SOURCE
kr_kospi200_option_pcr_daily,Daily KOSPI200 option volume and open-interest put/call ratios derived from the provider-preserving legacy KRX and modern data.go.kr option bridge.,DERIVED,DAILY,UPSTREAM_DEPENDENCY,READY,,PIT_SAFE,DEPENDENCY_DRIVEN,True,legacy_stock_investment,derived,2010-01-04,2026-08-25,1,kr_kospi200_options_provider_bridge_daily,,DERIVATIVES_PRICE_DAILY,DEPENDENCY_REFRESH_MANAGED,DIRECT,ELIGIBLE,DISPLAY_DIRECT_CONTRACT,ELIGIBLE,RESEARCH_RETAINED_CONTRACT,ELIGIBLE,PREDICTIVE_PIT_SAFE,True,kr_kospi200_option_pcr_daily,True,kr_kospi200_option_pcr_daily,REGISTERED,,True,derived/kr_kospi200_option_pcr_daily,DERIVED_DEPENDENCY
kr_kospi200_option_walls_daily,End-of-day KOSPI200 option open-interest walls by retained maturity month. This is not an exact-expiry or gamma-wall dataset.,DERIVED,DAILY,UPSTREAM_DEPENDENCY,READY,,PIT_SAFE,DEPENDENCY_DRIVEN,True,kr_kospi200_options_provider_bridge_daily,derived,2010-01-04,2026-08-25,1,kr_kospi200_options_provider_bridge_daily|kr_kospi200_index_daily,,DERIVATIVES_PRICE_DAILY,DEPENDENCY_REFRESH_MANAGED,DIRECT,ELIGIBLE,DISPLAY_DIRECT_CONTRACT,ELIGIBLE,RESEARCH_RETAINED_CONTRACT,ELIGIBLE,PREDICTIVE_PIT_SAFE,True,kr_kospi200_option_walls_daily,True,kr_kospi200_option_walls_daily,REGISTERED,,True,artifacts/analysis/kospi200_option_wall_recent_250.csv,DERIVED_DEPENDENCY
kr_kospi200_options_daily,KOSPI200 option prices and provider observations,SOURCE,DAILY,GAP_FILL,READY,,PIT_BLOCKED,AUTO_ELIGIBLE,True,data_go_kr:GetDerivativeProductInfoService/getOptionsPriceInfo,normalized,2020-01-02,2026-08-25,1,,kr_kospi200_options_provider_bridge_daily,DERIVATIVES_PRICE_DAILY,DIRECT_COLLECTION_MANAGED,NONE,BLOCKED,DISPLAY_NOT_CONTRACTED,ELIGIBLE,RESEARCH_RETAINED_CONTRACT,BLOCKED,PREDICTIVE_PIT_BLOCKED,False,,True,kr_kospi200_options_daily,REGISTRY_MISSING,contracted or retained operational dataset was absent from the 40-row current dataset operations registry,True,normalized/kr_kospi200_options_daily,DAILY_SOURCE
kr_kospi200_options_investor_trading_daily,Daily KOSPI200 options investor trading totals from authenticated free KRX Basic Statistics screen 15007. Contract/maturity/strike identity is not supplied.,SOURCE,DAILY,DISABLED_PENDING_CONTRACT,BLOCKED,PERMISSION,PIT_BLOCKED,DISABLED,False,krx_basic_statistics:15007,normalized,,,1,,,DERIVATIVES_INVESTOR_DAILY,BLOCKED,NONE,BLOCKED,DISPLAY_NOT_CONTRACTED,LIMITED,RESEARCH_CONTRACT_NO_RETAINED_EVIDENCE,BLOCKED,PREDICTIVE_PIT_BLOCKED,False,,True,kr_kospi200_options_investor_trading_daily,INTENTIONALLY_EXCLUDED,historical/research/provider-specific dataset intentionally excluded from the 40-row current dataset operations registry,False,,BLOCKED
kr_kospi200_options_provider_bridge_daily,KOSPI200 option prices and provider observations,PUBLISHED_BRIDGE,DAILY,UPSTREAM_DEPENDENCY,READY,,PIT_BLOCKED,DEPENDENCY_DRIVEN,True,legacy_stock_investment+data_go_kr,published,2010-01-04,2026-08-25,1,krx_legacy_kospi200_options_daily|kr_kospi200_options_daily,kr_kospi200_option_pcr_daily|kr_kospi200_option_walls_daily,DERIVATIVES_PRICE_DAILY,DEPENDENCY_REFRESH_MANAGED,STATUS_ONLY,LIMITED,DISPLAY_STATUS_ONLY,ELIGIBLE,RESEARCH_RETAINED_CONTRACT,BLOCKED,PREDICTIVE_PIT_BLOCKED,True,kr_kospi200_options_provider_bridge_daily,True,kr_kospi200_options_provider_bridge_daily,REGISTERED,,True,published/c007_kospi200_derivatives_bridge/kr_kospi200_options_provider_bridge_daily,DERIVED_DEPENDENCY
kr_market_breadth_daily,Korean equity market breadth,DERIVED,DAILY,UPSTREAM_DEPENDENCY,READY_WITH_FINALITY_GATE,,PIT_LIMITED,DEPENDENCY_DRIVEN,True,kr_equity_price_daily+kr_equity_canonical_universe_daily,derived,1995-05-02,2026-08-13,1,kr_equity_canonical_universe_daily|kr_equity_price_daily,,CANONICAL_EQUITY_DAILY,DEPENDENCY_REFRESH_MANAGED,DIRECT,ELIGIBLE,DISPLAY_DIRECT_CONTRACT,ELIGIBLE,RESEARCH_RETAINED_CONTRACT,BLOCKED,PREDICTIVE_PIT_LIMITED,True,kr_market_breadth_daily,True,kr_market_breadth_daily,REGISTERED,,True,derived/kr_market_breadth_daily,DERIVED_DEPENDENCY
kr_market_investor_net_purchase_bridge_daily,Korean market investor net trading flow,PUBLISHED_BRIDGE,DAILY,UPSTREAM_DEPENDENCY,READY_WITH_FINALITY_GATE,,PIT_BLOCKED,DEPENDENCY_DRIVEN,True,kr_market_investor_net_purchase_daily+kr_market_investor_trading_daily,published,1999-01-04,2026-08-19,1,kr_market_investor_net_purchase_daily|kr_market_investor_trading_daily,,MARKET_INVESTOR_DAILY,DEPENDENCY_REFRESH_MANAGED,DIRECT,ELIGIBLE,DISPLAY_DIRECT_CONTRACT,ELIGIBLE,RESEARCH_RETAINED_CONTRACT,BLOCKED,PREDICTIVE_PIT_BLOCKED,True,kr_market_investor_net_purchase_bridge_daily,True,kr_market_investor_net_purchase_bridge_daily,REGISTERED,,True,published/kr_market_investor_net_purchase_bridge_daily,DERIVED_DEPENDENCY
kr_market_investor_net_purchase_daily,Korean market investor net trading flow,HISTORICAL_SEGMENT,DAILY,STATIC_COMPLETE,NOT_APPLICABLE,,PIT_BLOCKED,NO_REFRESH,False,legacy_stock_investment_pykrx_1.2.8,normalized,1999-01-04,2014-06-30,1,,kr_market_investor_net_purchase_bridge_daily,NO_SCHEDULER_LANE,NO_REFRESH,NONE,BLOCKED,DISPLAY_NOT_CONTRACTED,ELIGIBLE,RESEARCH_RETAINED_CONTRACT,BLOCKED,PREDICTIVE_PIT_BLOCKED,False,,True,kr_market_investor_net_purchase_daily,INTENTIONALLY_EXCLUDED,historical/research/provider-specific dataset intentionally excluded from the 40-row current dataset operations registry,True,normalized/kr_market_investor_net_purchase_daily,HISTORICAL_STATIC
kr_market_investor_trading_daily,Korean market investor net trading flow,SOURCE,DAILY,GAP_FILL,READY_WITH_LIMITS,,PIT_BLOCKED,AUTO_ELIGIBLE,True,tossinvest_open_api,normalized,2014-07-01,2026-08-19,1,,kr_market_investor_net_purchase_bridge_daily,MARKET_INVESTOR_DAILY,DIRECT_COLLECTION_MANAGED,NONE,BLOCKED,DISPLAY_NOT_CONTRACTED,ELIGIBLE,RESEARCH_RETAINED_CONTRACT,BLOCKED,PREDICTIVE_PIT_BLOCKED,True,kr_market_investor_trading_daily,True,kr_market_investor_trading_daily,REGISTERED,,True,normalized/kr_market_investor_trading_daily,DAILY_SOURCE
kr_market_liquidity_daily,Korean securities-market liquidity,SOURCE,DAILY,GAP_FILL,READY_WITH_LIMITS,,PIT_BLOCKED,AUTO_ELIGIBLE,True,data_go_kr:GetKofiaStatisticsInfoService/getSecuritiesMarketTotalCapitalInfo,normalized,2021-10-26,2026-08-06,1,,,LIQUIDITY_CREDIT_DAILY,DIRECT_COLLECTION_MANAGED,STATUS_ONLY,LIMITED,DISPLAY_STATUS_ONLY,ELIGIBLE,RESEARCH_RETAINED_CONTRACT,BLOCKED,PREDICTIVE_PIT_BLOCKED,True,kr_market_liquidity_daily,True,kr_market_liquidity_daily,REGISTERED,,True,normalized/kr_market_liquidity_daily,DAILY_SOURCE
kr_short_selling_balance_daily,Per-symbol full-market KRX short-balance observations from MDCSTAT30501. The date is explicitly the report-obligation occurrence date; historical publication availability is not supplied and predictive use is blocked.,SOURCE,DAILY,GAP_FILL,READY_WITH_FINALITY_GATE,,PIT_BLOCKED,AUTO_ELIGIBLE,True,authenticated_pykrx_1.2.8:MDCSTAT30501,normalized,2016-06-30,2026-08-13,2,,,SHORT_SELLING_BALANCE_DAILY,DIRECT_COLLECTION_MANAGED,DIRECT,ELIGIBLE,DISPLAY_DIRECT_CONTRACT,ELIGIBLE,RESEARCH_RETAINED_CONTRACT,BLOCKED,PREDICTIVE_PIT_BLOCKED,True,kr_short_selling_balance_daily,True,kr_short_selling_balance_daily,REGISTERED,,True,normalized/kr_short_selling_balance_daily,DAILY_SOURCE
kr_short_selling_investor_daily,"Market-level KRX short-selling observations from MDCSTAT30301, normalized to investor class and source metric. The accepted operational boundary is the same XKRX session after 18:10 KST, preserved AS_RETRIEVED and blocked from predictive use. Blank-date all-zero source placeholders are valid-empty, not rows.",SOURCE,DAILY,GAP_FILL,READY_WITH_FINALITY_GATE,,PIT_BLOCKED,AUTO_ELIGIBLE,True,authenticated_pykrx_1.2.8:MDCSTAT30301,normalized,2017-05-22,2026-08-14,2,,,SHORT_SELLING_INVESTOR_DAILY,DIRECT_COLLECTION_MANAGED,STATUS_ONLY,LIMITED,DISPLAY_STATUS_ONLY,ELIGIBLE,RESEARCH_RETAINED_CONTRACT,BLOCKED,PREDICTIVE_PIT_BLOCKED,True,kr_short_selling_investor_daily,True,kr_short_selling_investor_daily,REGISTERED,,True,normalized/kr_short_selling_investor_daily,DAILY_SOURCE
kr_short_selling_trading_daily,Korean equity short-selling trading,SOURCE,DAILY,GAP_FILL,READY_WITH_LIMITS,,PIT_BLOCKED,AUTO_ELIGIBLE,True,authenticated_pykrx_1.2.8:MDCSTAT30101,normalized,2008-01-02,2026-08-19,2,,,SHORT_SELLING_DAILY,DIRECT_COLLECTION_MANAGED,DIRECT,ELIGIBLE,DISPLAY_DIRECT_CONTRACT,ELIGIBLE,RESEARCH_RETAINED_CONTRACT,BLOCKED,PREDICTIVE_PIT_BLOCKED,True,kr_short_selling_trading_daily,True,kr_short_selling_trading_daily,REGISTERED,,True,normalized/kr_short_selling_trading_daily,BLOCKED
kr_stock_lending_daily,Korean equity securities lending,SOURCE,DAILY,GAP_FILL,READY_WITH_FINALITY_GATE,,PIT_BLOCKED,AUTO_ELIGIBLE,True,data_go_kr:GetCMStckLnbInfoService/getStckLnbDetail; coverage_policy=2021-04+; license=portal_product_page_required,normalized,2021-04-01,2026-08-14,1,,,LENDING_DAILY,DIRECT_COLLECTION_MANAGED,DIRECT,ELIGIBLE,DISPLAY_DIRECT_CONTRACT,ELIGIBLE,RESEARCH_RETAINED_CONTRACT,BLOCKED,PREDICTIVE_PIT_BLOCKED,True,kr_stock_lending_daily,True,kr_stock_lending_daily,REGISTERED,,True,normalized/kr_stock_lending_daily,DAILY_SOURCE
kr_stock_lending_market_daily,Source-published market aggregate stock lending trend.,SOURCE,DAILY,GAP_FILL,READY_WITH_FINALITY_GATE,,PIT_BLOCKED,AUTO_ELIGIBLE,True,data_go_kr:GetCMStckLnbInfoService/getStckLnbProgress; coverage_policy=2021-04+; license=portal_product_page_required,normalized,2021-04-01,2026-08-14,1,,,LENDING_DAILY,DIRECT_COLLECTION_MANAGED,DIRECT,ELIGIBLE,DISPLAY_DIRECT_CONTRACT,ELIGIBLE,RESEARCH_RETAINED_CONTRACT,BLOCKED,PREDICTIVE_PIT_BLOCKED,True,kr_stock_lending_market_daily,True,kr_stock_lending_market_daily,REGISTERED,,True,normalized/kr_stock_lending_market_daily,DAILY_SOURCE
kr_stock_lending_participant_daily,Daily stock lending amounts and ratios by participant class.,SOURCE,DAILY,GAP_FILL,READY_WITH_FINALITY_GATE,,PIT_BLOCKED,AUTO_ELIGIBLE,True,data_go_kr:GetCMStckLnbInfoService/getStckLnbInvpnDetail; coverage_policy=2021-04+; license=portal_product_page_required,normalized,2021-04-01,2026-08-14,1,,,LENDING_DAILY,DIRECT_COLLECTION_MANAGED,STATUS_ONLY,LIMITED,DISPLAY_STATUS_ONLY,ELIGIBLE,RESEARCH_RETAINED_CONTRACT,BLOCKED,PREDICTIVE_PIT_BLOCKED,True,kr_stock_lending_participant_daily,True,kr_stock_lending_participant_daily,REGISTERED,,True,normalized/kr_stock_lending_participant_daily,DAILY_SOURCE
kr_treasury_yield_daily,Korean Treasury yields,SOURCE,DAILY,GAP_FILL,READY_WITH_LIMITS,,PIT_BLOCKED,AUTO_ELIGIBLE,True,tossinvest_open_api,normalized,2019-01-02,2026-08-10,1,,,TOSS_KR_TREASURY_DAILY,DIRECT_COLLECTION_MANAGED,NONE,BLOCKED,DISPLAY_NOT_CONTRACTED,ELIGIBLE,RESEARCH_RETAINED_CONTRACT,BLOCKED,PREDICTIVE_PIT_BLOCKED,True,kr_treasury_yield_daily,True,kr_treasury_yield_daily,REGISTERED,,True,normalized/kr_treasury_yield_daily,DAILY_SOURCE
kr_vkospi_daily,KRX KOSPI 200 volatility index daily observations; source-empty historical baseline fields are null.,SOURCE,DAILY,GAP_FILL,READY_WITH_FINALITY_GATE,,PIT_LIMITED,AUTO_ELIGIBLE,True,KRX:MDCSTAT01201:1300,normalized,2003-01-02,2026-08-19,1,,,VKOSPI_DAILY,DIRECT_COLLECTION_MANAGED,DIRECT,ELIGIBLE,DISPLAY_DIRECT_CONTRACT,ELIGIBLE,RESEARCH_RETAINED_CONTRACT,BLOCKED,PREDICTIVE_PIT_LIMITED,True,kr_vkospi_daily,True,kr_vkospi_daily,REGISTERED,,True,raw/kr_vkospi_daily|normalized/kr_vkospi_daily,DAILY_SOURCE
krx_legacy_kospi200_futures_daily,KOSPI200 futures prices and provider observations,HISTORICAL_SEGMENT,DAILY,STATIC_COMPLETE,NOT_APPLICABLE,,PIT_SAFE,NO_REFRESH,False,legacy_stock_investment,normalized,2010-01-04,2019-12-30,1,,kr_kospi200_futures_provider_bridge_daily,NO_SCHEDULER_LANE,NO_REFRESH,NONE,BLOCKED,DISPLAY_NOT_CONTRACTED,ELIGIBLE,RESEARCH_RETAINED_CONTRACT,ELIGIBLE,PREDICTIVE_PIT_SAFE,False,,True,krx_legacy_kospi200_futures_daily,INTENTIONALLY_EXCLUDED,historical/research/provider-specific dataset intentionally excluded from the 40-row current dataset operations registry,True,normalized/krx_legacy_kospi200_futures_daily,HISTORICAL_STATIC
krx_legacy_kospi200_options_daily,KOSPI200 option prices and provider observations,HISTORICAL_SEGMENT,DAILY,STATIC_COMPLETE,NOT_APPLICABLE,,PIT_SAFE,NO_REFRESH,False,legacy_stock_investment,normalized,2010-01-04,2019-12-30,1,,kr_kospi200_options_provider_bridge_daily,NO_SCHEDULER_LANE,NO_REFRESH,NONE,BLOCKED,DISPLAY_NOT_CONTRACTED,ELIGIBLE,RESEARCH_RETAINED_CONTRACT,ELIGIBLE,PREDICTIVE_PIT_SAFE,False,,True,krx_legacy_kospi200_options_daily,INTENTIONALLY_EXCLUDED,historical/research/provider-specific dataset intentionally excluded from the 40-row current dataset operations registry,True,normalized/krx_legacy_kospi200_options_daily,HISTORICAL_STATIC
ls_t1633_program_trading_candidate,Korean market program trading,RAW_OBSERVATION,DAILY,MANUAL_RESEARCH,MANUAL_ONLY,,RESEARCH_ONLY,RESEARCH_ONLY,False,LS OpenAPI t1633,landing,2001-08-01,2026-08-14,,,,NO_SCHEDULER_LANE,RESEARCH,NONE,BLOCKED,DISPLAY_NOT_CONTRACTED,LIMITED,RESEARCH_RETAINED_EVIDENCE_ONLY,BLOCKED,PREDICTIVE_RESEARCH_ONLY,False,,True,ls_t1633_program_trading_candidate,INTENTIONALLY_EXCLUDED,historical/research/provider-specific dataset intentionally excluded from the 40-row current dataset operations registry,True,landing/ls/t1633_program_trading_raw,RESEARCH_ONLY
ls_t8428_surrounding_funds_source_observation,"Official LS t8428 daily source observations. Monetary fields whose official labels end in _억원 use KRW 100 million. Source date is preserved, but publication/revision timing is unknown, so predictive use is blocked.",SOURCE_OBSERVATION,DAILY,DISABLED_PENDING_CONTRACT,BLOCKED,SEMANTICS,PIT_BLOCKED,DISABLED,False,ls_openapi:t8428:/stock/investinfo:gubun=1:upcode=001,normalized,2006,2026-08-14,1,,,NO_SCHEDULER_LANE,BLOCKED,NONE,BLOCKED,DISPLAY_NOT_CONTRACTED,ELIGIBLE,RESEARCH_RETAINED_CONTRACT,BLOCKED,PREDICTIVE_PIT_BLOCKED,False,,True,ls_t8428_surrounding_funds_source_observation,INTENTIONALLY_EXCLUDED,historical/research/provider-specific dataset intentionally excluded from the 40-row current dataset operations registry,True,landing/ls/t8428_surrounding_funds_raw,BLOCKED
ls_t8462_daily_raw,KOSPI200 derivatives investor flow,RAW_OBSERVATION,DAILY,GAP_FILL,READY_WITH_FINALITY_GATE,,NON_PREDICTIVE,AUTO_ELIGIBLE,True,LS OpenAPI t8462,landing,2025-07-18,2026-08-14,,,,LS_T8462_DAILY,DIRECT_COLLECTION_MANAGED,DESCRIPTIVE,LIMITED,DISPLAY_DESCRIPTIVE_CONTRACT,LIMITED,RESEARCH_RETAINED_EVIDENCE_ONLY,BLOCKED,PREDICTIVE_NON_PREDICTIVE,True,ls_t8462_daily_raw,True,ls_t8462_daily_raw,REGISTERED,,True,landing/ls_openapi/t8462_raw|landing/ls_openapi/t8462_daily_raw,RESEARCH_ONLY
market_price_15m_observation,Global market index/symbol prices,SOURCE_OBSERVATION,INTRADAY,STATIC_COMPLETE,NOT_APPLICABLE,,PIT_BLOCKED,NO_REFRESH,False,yahoo_chart_api_exact_allowlist,normalized,2026-08-19,2026-08-21,2,,,MARKET_15M,NO_REFRESH,NONE,BLOCKED,DISPLAY_NOT_CONTRACTED,ELIGIBLE,RESEARCH_RETAINED_CONTRACT,BLOCKED,PREDICTIVE_PIT_BLOCKED,False,,True,market_price_15m_observation,INTENTIONALLY_EXCLUDED,retained historical dataset intentionally excluded from the 40-row current dataset operations registry; current display is governed separately by docs/data/operations/GLOBAL_MARKET_CURRENT_60M.md and writes no Normalized history,True,normalized/market_price_15m_observation,DAILY_SOURCE
market_price_60m_observation,Provider-specific finalized 60-minute OHLCV observations for reviewed regular sessions and an explicit global-continuous allowlist. A provider is selected for an entire symbol/market-date/session; bars are never stitched.,SOURCE_OBSERVATION,INTRADAY,STATIC_COMPLETE,NOT_APPLICABLE,,PIT_BLOCKED,NO_REFRESH,False,explicit_provider_registry,normalized,2026-08-12,2026-08-19,2,,,NO_SCHEDULER_LANE,NO_REFRESH,DIRECT,ELIGIBLE,DISPLAY_DIRECT_CONTRACT,ELIGIBLE,RESEARCH_RETAINED_CONTRACT,BLOCKED,PREDICTIVE_PIT_BLOCKED,False,,True,market_price_60m_observation,INTENTIONALLY_EXCLUDED,retained historical dataset intentionally excluded from the 40-row current dataset operations registry; current display is governed separately by docs/data/operations/GLOBAL_MARKET_CURRENT_60M.md and writes no Normalized history,True,normalized/market_price_60m_observation,DAILY_SOURCE
us_cftc_disaggregated_futures_only_raw,U.S. CFTC commitments-of-traders positions,RAW_OBSERVATION,WEEKLY,STATIC_COMPLETE,NOT_APPLICABLE,,PIT_BLOCKED,NO_REFRESH,False,CFTC historical compressed archives,landing,2006-06-13,2026-08-11,,,,NO_SCHEDULER_LANE,NO_REFRESH,NONE,BLOCKED,DISPLAY_NOT_CONTRACTED,LIMITED,RESEARCH_RETAINED_EVIDENCE_ONLY,BLOCKED,PREDICTIVE_PIT_BLOCKED,False,,True,us_cftc_disaggregated_futures_only_raw,INTENTIONALLY_EXCLUDED,historical/research/provider-specific dataset intentionally excluded from the 40-row current dataset operations registry,True,landing/cftc/cot_historical_raw::DISAGGREGATED_FUTURES_ONLY,WEEKLY
us_cftc_legacy_futures_only_raw,U.S. CFTC commitments-of-traders positions,RAW_OBSERVATION,WEEKLY,STATIC_COMPLETE,NOT_APPLICABLE,,PIT_BLOCKED,NO_REFRESH,False,CFTC historical compressed archives,landing,1986,2026-08-11,,,,NO_SCHEDULER_LANE,NO_REFRESH,NONE,BLOCKED,DISPLAY_NOT_CONTRACTED,LIMITED,RESEARCH_RETAINED_EVIDENCE_ONLY,BLOCKED,PREDICTIVE_PIT_BLOCKED,False,,True,us_cftc_legacy_futures_only_raw,INTENTIONALLY_EXCLUDED,historical/research/provider-specific dataset intentionally excluded from the 40-row current dataset operations registry,True,landing/cftc/legacy_cot_historical_raw::LEGACY_FUTURES_ONLY,WEEKLY
us_cftc_legacy_futures_options_combined_raw,U.S. CFTC commitments-of-traders positions,RAW_OBSERVATION,WEEKLY,STATIC_COMPLETE,NOT_APPLICABLE,,PIT_BLOCKED,NO_REFRESH,False,CFTC historical compressed archives,landing,1995,2026-08-11,,,,NO_SCHEDULER_LANE,NO_REFRESH,NONE,BLOCKED,DISPLAY_NOT_CONTRACTED,LIMITED,RESEARCH_RETAINED_EVIDENCE_ONLY,BLOCKED,PREDICTIVE_PIT_BLOCKED,False,,True,us_cftc_legacy_futures_options_combined_raw,INTENTIONALLY_EXCLUDED,historical/research/provider-specific dataset intentionally excluded from the 40-row current dataset operations registry,True,landing/cftc/legacy_cot_historical_raw::LEGACY_FUTURES_OPTIONS_COMBINED,WEEKLY
us_cftc_tff_futures_only_raw,U.S. CFTC commitments-of-traders positions,RAW_OBSERVATION,WEEKLY,STATIC_COMPLETE,NOT_APPLICABLE,,PIT_BLOCKED,NO_REFRESH,False,CFTC historical compressed archives,landing,2006-06-13,2026-08-11,,,,NO_SCHEDULER_LANE,NO_REFRESH,NONE,BLOCKED,DISPLAY_NOT_CONTRACTED,LIMITED,RESEARCH_RETAINED_EVIDENCE_ONLY,BLOCKED,PREDICTIVE_PIT_BLOCKED,False,,True,us_cftc_tff_futures_only_raw,INTENTIONALLY_EXCLUDED,historical/research/provider-specific dataset intentionally excluded from the 40-row current dataset operations registry,True,landing/cftc/cot_historical_raw::TFF_FUTURES_ONLY,WEEKLY
us_treasury_spread_daily,Treasury term spreads reproducibly derived from normalized FRED yields.,DERIVED,DAILY,UPSTREAM_DEPENDENCY,READY_WITH_LIMITS,,PIT_BLOCKED,DEPENDENCY_DRIVEN,True,fred_treasury_yield_daily,derived,1962-01-02,2026-08-17,1,fred_treasury_yield_daily,,FRED_DAILY,DEPENDENCY_REFRESH_MANAGED,STATUS_ONLY,LIMITED,DISPLAY_STATUS_ONLY,ELIGIBLE,RESEARCH_RETAINED_CONTRACT,BLOCKED,PREDICTIVE_PIT_BLOCKED,True,us_treasury_spread_daily,True,us_treasury_spread_daily,REGISTERED,,True,derived/us_treasury_spread_daily,DERIVED_DEPENDENCY
