dataset_id,economic_variable,layer,source,coverage_start,retained_latest,contract_version,gui_use,predictive_pit_status,primary_classification,secondary_roles,operations_registry_present_before,operations_registry_entry,registry_present,registry_entry,cadence,lane,upstream_dependencies,downstream_dependencies,automation_required,automation_enabled,prior_disposition,reason_if_not_registered_before,scheduler_group,retained,physical_artifacts
bok_ecos_kr_treasury_yield_source_observation,Korean Treasury yields,normalized,bok_ecos:StatisticSearch:817Y002,1998-11-13,2026-08-13,1,DIRECT,PIT_BLOCKED,DAILY_SOURCE,BLOCKED,False,,True,bok_ecos_kr_treasury_yield_source_observation,daily,KR_TREASURY_DAILY,,,True,False,REGISTRY_MISSING,contracted or retained operational dataset was absent from the 33-row executable health registry,DAILY_API/COLLECTION_REQUIRED,True,normalized/bok_ecos_kr_treasury_yield_source_observation
fred_treasury_yield_daily,Observed U.S. Treasury constant maturity rates from FRED.,normalized,fred,1962-01-02,2026-08-14,1,DIRECT_AND_STATUS,PIT_BLOCKED,DAILY_SOURCE,BLOCKED,True,fred_treasury_yield_daily,True,fred_treasury_yield_daily,daily,FRED_DAILY,,us_treasury_spread_daily,True,False,REGISTERED,,DAILY_API/COLLECTION_REQUIRED,True,normalized/fred_treasury_yield_daily
fred_usd_fx_daily,Observed USD exchange-rate series from FRED.,normalized,fred,1971-01-04,2026-08-14,1,DIRECT_AND_STATUS,PIT_BLOCKED,DAILY_SOURCE,BLOCKED,True,fred_usd_fx_daily,True,fred_usd_fx_daily,daily,FRED_DAILY,,,True,False,REGISTERED,,DAILY_API/COLLECTION_REQUIRED,True,normalized/fred_usd_fx_daily
fred_vix_daily,Daily VIX close observations distributed by FRED as VIXCLS. This FRED lineage is distinct from the license-blocked direct Cboe Landing route.,normalized,fred_vixcls,1990-01-02,2026-08-14,1,DIRECT_AND_STATUS,PIT_LIMITED,DAILY_SOURCE,,True,fred_vix_daily,True,fred_vix_daily,daily,FRED_DAILY,,,True,False,REGISTERED,,DAILY_API/COLLECTION_REQUIRED,True,normalized/fred_vix_daily
global_commodity_futures_daily,"Yahoo continuous/vendor commodity-futures daily OHLCV. Not spot prices, individual-expiry contracts, or historical provider vintages.",normalized,yahoo_chart_api,,2026-08-14,1,DIRECT,PIT_BLOCKED,BLOCKED,,False,,True,global_commodity_futures_daily,daily,GLOBAL_COMMODITY_DAILY,,,False,False,REGISTRY_MISSING,contracted or retained operational dataset was absent from the 33-row executable health registry,BLOCKED,True,landing/yahoo/global_commodity_futures_daily
global_etf_price_daily,Daily provider OHLCV and separately retained adjusted close for explicitly registered exchange-traded funds. ETFs are never represented as indices.,normalized,yahoo_chart_api,,,1,DIRECT_AND_STATUS,PIT_BLOCKED,BLOCKED,,True,global_etf_price_daily,True,global_etf_price_daily,daily,GLOBAL_ETF_DAILY,,,False,False,REGISTERED,,BLOCKED,False,
global_index_price_daily,Global market index/symbol prices,normalized,yahoo_chart_api,1928-01-03,2026-08-14,1,DIRECT_AND_STATUS,PIT_LIMITED,DAILY_SOURCE,,True,global_index_price_daily,True,global_index_price_daily,daily,GLOBAL_INDEX_DAILY,,,True,False,REGISTERED,,DAILY_API/COLLECTION_REQUIRED,True,normalized/global_index_price_daily
kb_derivatives_summary_snapshot,Provisional KB derivative quote/volume/open-interest summary.,normalized,kb_securities_open_api,2026-08-17,2026-08-17,2,NONE,NON_PREDICTIVE,SNAPSHOT,,False,,True,kb_derivatives_summary_snapshot,intraday_snapshot,BROKER_SNAPSHOT,,,True,False,REGISTRY_MISSING,contracted or retained operational dataset was absent from the 33-row executable health registry,DAILY_API/COLLECTION_REQUIRED,True,normalized/kb_derivatives_summary_snapshot
kb_domestic_index_snapshot,Korean equity index levels and OHLCV,normalized,kb_securities_open_api,2026-08-17,2026-08-17,2,NONE,NON_PREDICTIVE,SNAPSHOT,,False,,True,kb_domestic_index_snapshot,intraday_snapshot,BROKER_SNAPSHOT,,,True,False,REGISTRY_MISSING,contracted or retained operational dataset was absent from the 33-row executable health registry,DAILY_API/COLLECTION_REQUIRED,True,normalized/kb_domestic_index_snapshot
kb_global_symbol_snapshot,Global market index/symbol prices,normalized,kb_securities_open_api,2026-08-17,2026-08-17,2,NONE,NON_PREDICTIVE,SNAPSHOT,,False,,True,kb_global_symbol_snapshot,intraday_snapshot,BROKER_SNAPSHOT,,,True,False,REGISTRY_MISSING,contracted or retained operational dataset was absent from the 33-row executable health registry,DAILY_API/COLLECTION_REQUIRED,True,normalized/kb_global_symbol_snapshot
kb_investor_flow_snapshot,Korean market investor net trading flow,normalized,kb_securities_open_api,2026-08-17,2026-08-17,3,STATUS_ONLY,NON_PREDICTIVE,SNAPSHOT,,True,kb_investor_flow_snapshot,True,kb_investor_flow_snapshot,intraday_snapshot,BROKER_SNAPSHOT,,,True,False,REGISTERED,,DAILY_API/COLLECTION_REQUIRED,True,normalized/kb_investor_flow_snapshot
kb_market_breadth_snapshot,Korean equity market breadth,normalized,kb_securities_open_api,2026-08-17,2026-08-18,2,NONE,NON_PREDICTIVE,SNAPSHOT,,False,,True,kb_market_breadth_snapshot,intraday_snapshot,BROKER_SNAPSHOT,,,True,False,REGISTRY_MISSING,contracted or retained operational dataset was absent from the 33-row executable health registry,DAILY_API/COLLECTION_REQUIRED,True,normalized/kb_market_breadth_snapshot
kb_market_liquidity_snapshot,Korean securities-market liquidity,normalized,kb_securities_open_api,2026-08-17,2026-08-17,2,NONE,NON_PREDICTIVE,SNAPSHOT,,False,,True,kb_market_liquidity_snapshot,intraday_snapshot,BROKER_SNAPSHOT,,,True,False,REGISTRY_MISSING,contracted or retained operational dataset was absent from the 33-row executable health registry,DAILY_API/COLLECTION_REQUIRED,True,normalized/kb_market_liquidity_snapshot
kb_program_trading_snapshot,Korean market program trading,normalized,kb_securities_open_api,2026-08-17,2026-08-17,2,NONE,NON_PREDICTIVE,SNAPSHOT,,False,,True,kb_program_trading_snapshot,intraday_snapshot,BROKER_SNAPSHOT,,,True,False,REGISTRY_MISSING,contracted or retained operational dataset was absent from the 33-row executable health registry,DAILY_API/COLLECTION_REQUIRED,True,normalized/kb_program_trading_snapshot
kr_credit_balance_daily,Korean securities credit balances,normalized,data_go_kr:GetKofiaStatisticsInfoService/getGrantingOfCreditBalanceInfo,2021-11-09,2026-08-05,1,STATUS_ONLY,PIT_BLOCKED,DAILY_SOURCE,BLOCKED,True,kr_credit_balance_daily,True,kr_credit_balance_daily,daily,LIQUIDITY_CREDIT_DAILY,,,True,False,REGISTERED,,DAILY_API/COLLECTION_REQUIRED,True,normalized/kr_credit_balance_daily
kr_credit_benchmark_yield_daily,Korean credit benchmark yields,landing,KRX/pykrx,2002,2026-08-12,,NONE,PIT_BLOCKED,HISTORICAL_STATIC,BLOCKED,False,,True,kr_credit_benchmark_yield_daily,research_only,NO_SCHEDULER_LANE,,,False,False,INTENTIONALLY_EXCLUDED,historical/research/provider-specific dataset intentionally excluded from the 33-row executable health registry,NO_REFRESH_REQUIRED,True,landing/diagnostics/pykrx_fundamentals_pilot::credit_benchmark
kr_derivatives_futures_daily,Daily source futures prices and activity.,normalized,data_go_kr:GetDerivativeProductInfoService/getStockFuturesPriceInfo,2022-09-19,2022-09-19,1,STATUS_ONLY,PIT_BLOCKED,BLOCKED,,True,kr_derivatives_futures_daily,True,kr_derivatives_futures_daily,daily,DERIVATIVES_PRICE_DAILY,,,False,False,REGISTERED,,BLOCKED,True,normalized/kr_derivatives_futures_daily
kr_derivatives_options_daily,"Daily source option prices, activity and implied volatility.",normalized,data_go_kr:GetDerivativeProductInfoService/getOptionsPriceInfo,2022-09-19,2022-09-19,1,STATUS_ONLY,PIT_BLOCKED,BLOCKED,,True,kr_derivatives_options_daily,True,kr_derivatives_options_daily,daily,DERIVATIVES_PRICE_DAILY,,,False,False,REGISTERED,,BLOCKED,True,normalized/kr_derivatives_options_daily
kr_equity_canonical_universe_daily,Korean equity point-in-time universe,published,kr_equity_universe_daily+data_go_kr_stock_price_identity+kr_equity_master(metadata_only),1995-05-02,2026-08-13,1,STATUS_ONLY,PIT_LIMITED,DERIVED_DEPENDENCY,,True,kr_equity_canonical_universe_daily,True,kr_equity_canonical_universe_daily,daily,CANONICAL_EQUITY_DAILY,kr_equity_price_daily;kr_equity_market_cap_daily;kr_equity_universe_daily;kr_equity_master,kr_market_breadth_daily,True,False,REGISTERED,,DAILY_DERIVED_REFRESH,True,published/kr_equity_canonical_universe_daily
kr_equity_credit_trading_daily,Korean securities credit balances,normalized,tossinvest_open_api,,,1,NONE,PIT_BLOCKED,BLOCKED,,False,,True,kr_equity_credit_trading_daily,daily,LIQUIDITY_CREDIT_DAILY,,,False,False,INTENTIONALLY_EXCLUDED,historical/research/provider-specific dataset intentionally excluded from the 33-row executable health registry,BLOCKED,False,
kr_equity_dividend,Korean equity dividend events,normalized,data_go_kr:GetStocDiviInfoService_V2/getDiviInfo_V2,2026-08-08,2026-08-08,1,NONE,PIT_BLOCKED,EVENT_DRIVEN,BLOCKED,False,,True,kr_equity_dividend,event,CORPORATE_ACTION_EVENT,,,True,False,REGISTRY_MISSING,contracted or retained operational dataset was absent from the 33-row executable health registry,EVENT_DRIVEN,True,normalized/kr_equity_dividend
kr_equity_dividend_source_observation,Korean equity dividend events,normalized,data_go_kr:GetStocDiviInfoService_V2/getDiviInfo_V2; retained_landing_snapshot,2026-08-08,2026-08-08,1,NONE,PIT_BLOCKED,EVENT_DRIVEN,BLOCKED,False,,True,kr_equity_dividend_source_observation,event,CORPORATE_ACTION_EVENT,,,True,False,REGISTRY_MISSING,contracted or retained operational dataset was absent from the 33-row executable health registry,EVENT_DRIVEN,True,normalized/kr_equity_dividend_source_observation
kr_equity_foreign_ownership_daily,Korean equity foreign ownership,landing,KRX/pykrx MDCSTAT03701,2000-01-05,2026-08-12,,NONE,PIT_BLOCKED,HISTORICAL_STATIC,BLOCKED,False,,True,kr_equity_foreign_ownership_daily,research_only,NO_SCHEDULER_LANE,,,False,False,INTENTIONALLY_EXCLUDED,historical/research/provider-specific dataset intentionally excluded from the 33-row executable health registry,NO_REFRESH_REQUIRED,True,landing/pykrx/high_value_raw/kr_equity_foreign_ownership_daily
kr_equity_fundamental_daily,Korean equity valuation fundamentals,landing,KRX/pykrx MDCSTAT03501,2008-01-03,2026-08-12,,NONE,PIT_BLOCKED,HISTORICAL_STATIC,BLOCKED,False,,True,kr_equity_fundamental_daily,research_only,NO_SCHEDULER_LANE,,,False,False,INTENTIONALLY_EXCLUDED,historical/research/provider-specific dataset intentionally excluded from the 33-row executable health registry,NO_REFRESH_REQUIRED,True,landing/pykrx/high_value_raw/kr_equity_fundamental_daily
kr_equity_market_cap_daily,Daily market capitalization facts for Korean equities.,normalized,financedata_marcap(1995-2009)+krx_open_api(2010-2019)+data_go_kr(2020+),1995-05-02,2026-08-13,2,STATUS_ONLY,PIT_LIMITED,DAILY_SOURCE,,True,kr_equity_market_cap_daily,True,kr_equity_market_cap_daily,daily,CANONICAL_EQUITY_DAILY,,kr_equity_canonical_universe_daily,True,False,REGISTERED,,DAILY_API/COLLECTION_REQUIRED,True,normalized/kr_equity_market_cap_daily
kr_equity_master,Korean equity identity and authoritative listing lifecycle facts.,normalized,data_go_kr_stock_issuance+daily_source_identity,2026-08-08,2026-08-08,2,NONE,PIT_BLOCKED,EVENT_DRIVEN,BLOCKED,False,,True,kr_equity_master,event,CORPORATE_ACTION_EVENT,,kr_equity_canonical_universe_daily,True,False,REGISTRY_MISSING,contracted or retained operational dataset was absent from the 33-row executable health registry,EVENT_DRIVEN,True,normalized/kr_equity_master
kr_equity_price_daily,Daily source prices and trading activity for Korean equities.,normalized,financedata_marcap(1995-2009)+krx_open_api(2010-2019)+data_go_kr(2020+),1995-05-02,2026-08-13,2,DIRECT_AND_STATUS,PIT_LIMITED,DAILY_SOURCE,,True,kr_equity_price_daily,True,kr_equity_price_daily,daily,CANONICAL_EQUITY_DAILY,,kr_equity_canonical_universe_daily;kr_market_breadth_daily,True,False,REGISTERED,,DAILY_API/COLLECTION_REQUIRED,True,normalized/kr_equity_price_daily
kr_equity_program_trading_daily,Korean market program trading,normalized,tossinvest_open_api,,,1,NONE,PIT_BLOCKED,BLOCKED,,False,,True,kr_equity_program_trading_daily,daily,NO_SCHEDULER_LANE,,,False,False,INTENTIONALLY_EXCLUDED,historical/research/provider-specific dataset intentionally excluded from the 33-row executable health registry,BLOCKED,False,
kr_equity_rights_schedule,Immutable source observations of corporate-right schedule records; not canonical economic events.,normalized,data_go_kr:GetStocRighScheService_V2/getRighExerReasSche_V2,2019-12-31,2019-12-31,2,NONE,PIT_BLOCKED,EVENT_DRIVEN,BLOCKED,False,,True,kr_equity_rights_schedule,event,CORPORATE_ACTION_EVENT,,,True,False,REGISTRY_MISSING,contracted or retained operational dataset was absent from the 33-row executable health registry,EVENT_DRIVEN,True,normalized/kr_equity_rights_schedule
kr_equity_sector_classification,Korean equity sector classification,landing,KRX/pykrx bounded pilot,2020-01-02,2026-08-14,,NONE,PIT_BLOCKED,BLOCKED,,False,,True,kr_equity_sector_classification,research_only,NO_SCHEDULER_LANE,,,False,False,INTENTIONALLY_EXCLUDED,historical/research/provider-specific dataset intentionally excluded from the 33-row executable health registry,BLOCKED,True,landing/diagnostics/pykrx_fundamentals_pilot::sector_classification
kr_equity_securities_lending_daily,Korean equity securities lending,normalized,tossinvest_open_api,,,1,NONE,PIT_BLOCKED,BLOCKED,,False,,True,kr_equity_securities_lending_daily,daily,LENDING_DAILY,,,False,False,INTENTIONALLY_EXCLUDED,historical/research/provider-specific dataset intentionally excluded from the 33-row executable health registry,BLOCKED,False,
kr_equity_short_selling_daily,Korean equity short-selling trading,normalized,tossinvest_open_api,,,1,NONE,PIT_BLOCKED,BLOCKED,,False,,True,kr_equity_short_selling_daily,daily,SHORT_SELLING_DAILY,,,False,False,INTENTIONALLY_EXCLUDED,historical/research/provider-specific dataset intentionally excluded from the 33-row executable health registry,BLOCKED,False,
kr_equity_stock_issuance_source_observation,"Immutable rows from a captured getStocIssuInfo_V3 snapshot. Source reference date and event-effective date remain distinct; historical publication timing is unknown, so predictive use is blocked.",normalized,data_go_kr:GetStocIssuInfoService_V3/getStocIssuInfo_V3,2020-07-14,2026-08-12,1,NONE,PIT_BLOCKED,EVENT_DRIVEN,BLOCKED,False,,True,kr_equity_stock_issuance_source_observation,event,CORPORATE_ACTION_EVENT,,,True,False,REGISTRY_MISSING,contracted or retained operational dataset was absent from the 33-row executable health registry,EVENT_DRIVEN,True,normalized/kr_equity_stock_issuance_source_observation
kr_equity_universe_daily,Korean equity point-in-time universe,normalized,financedata_marcap(1995-2009)+krx_open_api_basic_info(2010-2019)+data_go_kr_listed_info(2020+),1995-05-02,2026-08-13,2,STATUS_ONLY,PIT_LIMITED,DAILY_SOURCE,,True,kr_equity_universe_daily,True,kr_equity_universe_daily,daily,CANONICAL_EQUITY_DAILY,,kr_equity_canonical_universe_daily,True,False,REGISTERED,,DAILY_API/COLLECTION_REQUIRED,True,normalized/kr_equity_universe_daily
kr_etf_ohlcv_daily,Korean ETF daily OHLCV,landing,KRX/pykrx MDCSTAT04301 shared bytes,2008-01-02,2026-08-12,,NONE,PIT_BLOCKED,HISTORICAL_STATIC,BLOCKED,False,,True,kr_etf_ohlcv_daily,research_only,NO_SCHEDULER_LANE,,,False,False,INTENTIONALLY_EXCLUDED,historical/research/provider-specific dataset intentionally excluded from the 33-row executable health registry,NO_REFRESH_REQUIRED,True,landing/pykrx/high_value_raw/kr_etf_universe_daily
kr_etf_universe_daily,Korean ETF point-in-time universe,landing,KRX/pykrx MDCSTAT04301,2008-01-02,2026-08-12,,NONE,PIT_BLOCKED,HISTORICAL_STATIC,BLOCKED,False,,True,kr_etf_universe_daily,research_only,NO_SCHEDULER_LANE,,,False,False,INTENTIONALLY_EXCLUDED,historical/research/provider-specific dataset intentionally excluded from the 33-row executable health registry,NO_REFRESH_REQUIRED,True,landing/pykrx/high_value_raw/kr_etf_universe_daily
kr_index_constituent_daily,Korean index constituents,landing,KRX/pykrx bounded pilot,2020-01-02,2026-08-14,,NONE,PIT_BLOCKED,BLOCKED,,False,,True,kr_index_constituent_daily,research_only,NO_SCHEDULER_LANE,,,False,False,INTENTIONALLY_EXCLUDED,historical/research/provider-specific dataset intentionally excluded from the 33-row executable health registry,BLOCKED,True,landing/diagnostics/pykrx_fundamentals_pilot::index_constituent
kr_index_daily,Korean equity index levels and OHLCV,normalized,pykrx,1975-01-04,2026-08-14,2,DIRECT_AND_STATUS,PIT_LIMITED,DAILY_SOURCE,,True,kr_index_daily,True,kr_index_daily,daily,KR_INDEX_DAILY,,,True,False,REGISTERED,,DAILY_API/COLLECTION_REQUIRED,True,normalized/kr_index_daily
kr_index_fundamental_daily,Korean index valuation fundamentals,landing,KRX/pykrx,2000,2026-08-12,,NONE,PIT_BLOCKED,HISTORICAL_STATIC,BLOCKED,False,,True,kr_index_fundamental_daily,research_only,NO_SCHEDULER_LANE,,,False,False,INTENTIONALLY_EXCLUDED,historical/research/provider-specific dataset intentionally excluded from the 33-row executable health registry,NO_REFRESH_REQUIRED,True,landing/diagnostics/pykrx_fundamentals_pilot::index_fundamental
kr_investor_flow_daily,Korean market investor net trading flow,normalized,pykrx,,,1,NONE,PIT_BLOCKED,BLOCKED,,False,,True,kr_investor_flow_daily,daily,MARKET_INVESTOR_DAILY,,,False,False,INTENTIONALLY_EXCLUDED,historical/research/provider-specific dataset intentionally excluded from the 33-row executable health registry,BLOCKED,False,
kr_kosdaq150_futures_daily,Daily KOSDAQ150 outright futures source observations; spreads and unrelated derivatives are excluded.,normalized,data_go_kr:GetDerivativeProductInfoService/getStockFuturesPriceInfo,2022-09-19,2022-09-19,1,NONE,PIT_BLOCKED,BLOCKED,,False,,True,kr_kosdaq150_futures_daily,daily,DERIVATIVES_PRICE_DAILY,,,False,False,REGISTRY_MISSING,contracted or retained operational dataset was absent from the 33-row executable health registry,BLOCKED,True,normalized/kr_kosdaq150_futures_daily
kr_kosdaq150_options_daily,"Daily regular-monthly KOSDAQ150 options source observations; weekly, mini and single-stock options are excluded.",normalized,data_go_kr:GetDerivativeProductInfoService/getOptionsPriceInfo,2022-09-19,2022-09-19,1,NONE,PIT_BLOCKED,BLOCKED,,False,,True,kr_kosdaq150_options_daily,daily,DERIVATIVES_PRICE_DAILY,,,False,False,REGISTRY_MISSING,contracted or retained operational dataset was absent from the 33-row executable health registry,BLOCKED,True,normalized/kr_kosdaq150_options_daily
kr_kospi200_futures_daily,KOSPI200 futures prices and provider observations,normalized,data_go_kr:GetDerivativeProductInfoService/getStockFuturesPriceInfo,2020-01-02,2026-08-07,1,NONE,PIT_BLOCKED,BLOCKED,,False,,True,kr_kospi200_futures_daily,daily,DERIVATIVES_PRICE_DAILY,,kr_kospi200_futures_provider_bridge_daily,False,False,REGISTRY_MISSING,contracted or retained operational dataset was absent from the 33-row executable health registry,BLOCKED,True,normalized/kr_kospi200_futures_daily
kr_kospi200_futures_investor_net_purchase_daily,KOSPI200 futures investor trading flow,normalized,krx_basic_statistics:15007:manual_csv,1999-04-26,2026-08-13,1,DIRECT_AND_STATUS,PIT_LIMITED,DAILY_SOURCE,,True,kr_kospi200_futures_investor_net_purchase_daily,True,kr_kospi200_futures_investor_net_purchase_daily,daily,DERIVATIVES_INVESTOR_DAILY,kr_kospi200_futures_investor_trading_daily,,True,False,REGISTERED,,DAILY_API/COLLECTION_REQUIRED,True,normalized/kr_kospi200_futures_investor_net_purchase_daily
kr_kospi200_futures_investor_trading_daily,KOSPI200 futures investor trading flow,normalized,krx_basic_statistics:15007,,,1,NONE,PIT_BLOCKED,BLOCKED,,False,,True,kr_kospi200_futures_investor_trading_daily,daily,DERIVATIVES_INVESTOR_DAILY,,kr_kospi200_futures_investor_net_purchase_daily,False,False,INTENTIONALLY_EXCLUDED,historical/research/provider-specific dataset intentionally excluded from the 33-row executable health registry,BLOCKED,False,
kr_kospi200_futures_nearest_listed_daily,Daily nearest source-listed KOSPI200 outright futures observation by provider segment and source session. This is not a back-adjusted or expiry-calendar continuous contract.,derived,kr_kospi200_futures_provider_bridge_daily+normalized_provider_rows,2010-01-04,2026-08-07,1,DIRECT_AND_STATUS,PIT_SAFE,DERIVED_DEPENDENCY,,True,kr_kospi200_futures_nearest_listed_daily,True,kr_kospi200_futures_nearest_listed_daily,daily,DERIVATIVES_PRICE_DAILY,kr_kospi200_futures_provider_bridge_daily;kr_kospi200_index_daily,,True,False,REGISTERED,,DAILY_DERIVED_REFRESH,True,derived/kr_kospi200_futures_nearest_listed_daily
kr_kospi200_futures_provider_bridge_daily,KOSPI200 futures prices and provider observations,published,legacy_stock_investment+data_go_kr,2010-01-04,2026-08-07,1,STATUS_ONLY,PIT_BLOCKED,DERIVED_DEPENDENCY,BLOCKED,True,kr_kospi200_futures_provider_bridge_daily,True,kr_kospi200_futures_provider_bridge_daily,daily,DERIVATIVES_PRICE_DAILY,krx_legacy_kospi200_futures_daily;kr_kospi200_futures_daily,kr_kospi200_futures_nearest_listed_daily,True,False,REGISTERED,,DAILY_DERIVED_REFRESH,True,published/c007_kospi200_derivatives_bridge/kr_kospi200_futures_provider_bridge_daily
kr_kospi200_index_daily,Korean equity index levels and OHLCV,normalized,pykrx:get_index_ohlcv:1028,1990-01-03,2026-08-14,1,DIRECT_AND_STATUS,PIT_SAFE,DAILY_SOURCE,,True,kr_kospi200_index_daily,True,kr_kospi200_index_daily,daily,KR_INDEX_DAILY,,kr_kospi200_futures_nearest_listed_daily;kr_kospi200_option_walls_daily,True,False,REGISTERED,,DAILY_API/COLLECTION_REQUIRED,True,normalized/kr_kospi200_index_daily
kr_kospi200_option_pcr_daily,Daily KOSPI200 option put/call ratios derived from the legacy-import option rows.,derived,legacy_stock_investment,2010-01-04,2026-08-07,1,DIRECT_AND_STATUS,PIT_SAFE,DERIVED_DEPENDENCY,,True,kr_kospi200_option_pcr_daily,True,kr_kospi200_option_pcr_daily,daily,DERIVATIVES_PRICE_DAILY,kr_kospi200_options_provider_bridge_daily,,True,False,REGISTERED,,DAILY_DERIVED_REFRESH,True,derived/kr_kospi200_option_pcr_daily
kr_kospi200_option_walls_daily,End-of-day KOSPI200 option open-interest walls by retained maturity month. This is not an exact-expiry or gamma-wall dataset.,derived,kr_kospi200_options_provider_bridge_daily,2010-01-04,2026-08-07,1,DIRECT_AND_STATUS,PIT_SAFE,DERIVED_DEPENDENCY,,True,kr_kospi200_option_walls_daily,True,kr_kospi200_option_walls_daily,daily,DERIVATIVES_PRICE_DAILY,kr_kospi200_options_provider_bridge_daily;kr_kospi200_index_daily,,True,False,REGISTERED,,DAILY_DERIVED_REFRESH,False,
kr_kospi200_options_daily,KOSPI200 option prices and provider observations,normalized,data_go_kr:GetDerivativeProductInfoService/getOptionsPriceInfo,2020-01-02,2026-08-07,1,NONE,PIT_BLOCKED,BLOCKED,,False,,True,kr_kospi200_options_daily,daily,DERIVATIVES_PRICE_DAILY,,kr_kospi200_options_provider_bridge_daily,False,False,REGISTRY_MISSING,contracted or retained operational dataset was absent from the 33-row executable health registry,BLOCKED,True,normalized/kr_kospi200_options_daily
kr_kospi200_options_investor_trading_daily,Daily KOSPI200 options investor trading totals from authenticated free KRX Basic Statistics screen 15007. Contract/maturity/strike identity is not supplied.,normalized,krx_basic_statistics:15007,,,1,NONE,PIT_BLOCKED,BLOCKED,,False,,True,kr_kospi200_options_investor_trading_daily,daily,DERIVATIVES_INVESTOR_DAILY,,,False,False,INTENTIONALLY_EXCLUDED,historical/research/provider-specific dataset intentionally excluded from the 33-row executable health registry,BLOCKED,False,
kr_kospi200_options_provider_bridge_daily,KOSPI200 option prices and provider observations,published,legacy_stock_investment+data_go_kr,2010-01-04,2026-08-07,1,STATUS_ONLY,PIT_BLOCKED,DERIVED_DEPENDENCY,BLOCKED,True,kr_kospi200_options_provider_bridge_daily,True,kr_kospi200_options_provider_bridge_daily,daily,DERIVATIVES_PRICE_DAILY,krx_legacy_kospi200_options_daily;kr_kospi200_options_daily,kr_kospi200_option_pcr_daily;kr_kospi200_option_walls_daily,True,False,REGISTERED,,DAILY_DERIVED_REFRESH,True,published/c007_kospi200_derivatives_bridge/kr_kospi200_options_provider_bridge_daily
kr_market_breadth_daily,Korean equity market breadth,derived,kr_equity_price_daily+kr_equity_canonical_universe_daily,1995-05-02,2026-08-13,1,DIRECT_AND_STATUS,PIT_LIMITED,DERIVED_DEPENDENCY,,True,kr_market_breadth_daily,True,kr_market_breadth_daily,daily,CANONICAL_EQUITY_DAILY,kr_equity_canonical_universe_daily;kr_equity_price_daily,,True,False,REGISTERED,,DAILY_DERIVED_REFRESH,True,derived/kr_market_breadth_daily
kr_market_investor_net_purchase_bridge_daily,Korean market investor net trading flow,published,kr_market_investor_net_purchase_daily+kr_market_investor_trading_daily,1999-01-04,2026-08-11,1,DIRECT_AND_STATUS,PIT_BLOCKED,DERIVED_DEPENDENCY,BLOCKED,True,kr_market_investor_net_purchase_bridge_daily,True,kr_market_investor_net_purchase_bridge_daily,daily,MARKET_INVESTOR_DAILY,kr_market_investor_net_purchase_daily;kr_market_investor_trading_daily,,True,False,REGISTERED,,DAILY_DERIVED_REFRESH,True,published/kr_market_investor_net_purchase_bridge_daily
kr_market_investor_net_purchase_daily,Korean market investor net trading flow,normalized,legacy_stock_investment_pykrx_1.2.8,1999-01-04,2014-06-30,1,NONE,PIT_BLOCKED,HISTORICAL_STATIC,BLOCKED,False,,True,kr_market_investor_net_purchase_daily,daily,MARKET_INVESTOR_DAILY,,kr_market_investor_net_purchase_bridge_daily,False,False,INTENTIONALLY_EXCLUDED,historical/research/provider-specific dataset intentionally excluded from the 33-row executable health registry,NO_REFRESH_REQUIRED,True,normalized/kr_market_investor_net_purchase_daily
kr_market_investor_trading_daily,Korean market investor net trading flow,normalized,tossinvest_open_api,2014-07-01,2026-08-11,1,NONE,PIT_BLOCKED,DAILY_SOURCE,BLOCKED,False,,True,kr_market_investor_trading_daily,daily,MARKET_INVESTOR_DAILY,,kr_market_investor_net_purchase_bridge_daily,True,False,REGISTRY_MISSING,contracted or retained operational dataset was absent from the 33-row executable health registry,DAILY_API/COLLECTION_REQUIRED,True,normalized/kr_market_investor_trading_daily
kr_market_liquidity_daily,Korean securities-market liquidity,normalized,data_go_kr:GetKofiaStatisticsInfoService/getSecuritiesMarketTotalCapitalInfo,2021-10-26,2026-08-05,1,STATUS_ONLY,PIT_BLOCKED,DAILY_SOURCE,BLOCKED,True,kr_market_liquidity_daily,True,kr_market_liquidity_daily,daily,LIQUIDITY_CREDIT_DAILY,,,True,False,REGISTERED,,DAILY_API/COLLECTION_REQUIRED,True,normalized/kr_market_liquidity_daily
kr_short_selling_balance_daily,Per-symbol full-market KRX short-balance observations from MDCSTAT30501. The date is explicitly the report-obligation occurrence date; historical publication availability is not supplied and predictive use is blocked.,normalized,authenticated_pykrx_1.2.8:MDCSTAT30501,2016-06-30,2026-08-13,2,DIRECT_AND_STATUS,PIT_BLOCKED,DAILY_SOURCE,BLOCKED,True,kr_short_selling_balance_daily,True,kr_short_selling_balance_daily,daily,SHORT_SELLING_DAILY,,,True,False,REGISTERED,,DAILY_API/COLLECTION_REQUIRED,True,normalized/kr_short_selling_balance_daily
kr_short_selling_investor_daily,"Market-level KRX short-selling observations from MDCSTAT30301, normalized to investor class and source metric. Research availability is no earlier than T+1. Blank-date all-zero source placeholders are valid-empty, not rows.",normalized,authenticated_pykrx_1.2.8:MDCSTAT30301,2017-05-22,2026-08-14,2,STATUS_ONLY,PIT_BLOCKED,DAILY_SOURCE,BLOCKED,True,kr_short_selling_investor_daily,True,kr_short_selling_investor_daily,daily,SHORT_SELLING_DAILY,,,True,False,REGISTERED,,DAILY_API/COLLECTION_REQUIRED,True,normalized/kr_short_selling_investor_daily
kr_short_selling_trading_daily,Korean equity short-selling trading,normalized,authenticated_pykrx_1.2.8:MDCSTAT30101,2008-01-02,2026-08-07,2,DIRECT_AND_STATUS,PIT_BLOCKED,BLOCKED,,True,kr_short_selling_trading_daily,True,kr_short_selling_trading_daily,daily,SHORT_SELLING_DAILY,,,False,False,REGISTERED,,BLOCKED,True,normalized/kr_short_selling_trading_daily
kr_stock_lending_daily,Korean equity securities lending,normalized,data_go_kr:GetCMStckLnbInfoService/getStckLnbDetail; coverage_policy=2021-04+; license=portal_product_page_required,2021-04-01,2026-08-14,1,DIRECT_AND_STATUS,PIT_BLOCKED,DAILY_SOURCE,BLOCKED,True,kr_stock_lending_daily,True,kr_stock_lending_daily,daily,LENDING_DAILY,,,True,False,REGISTERED,,DAILY_API/COLLECTION_REQUIRED,True,normalized/kr_stock_lending_daily
kr_stock_lending_market_daily,Source-published market aggregate stock lending trend.,normalized,data_go_kr:GetCMStckLnbInfoService/getStckLnbProgress; coverage_policy=2021-04+; license=portal_product_page_required,2021-04-01,2026-08-14,1,DIRECT_AND_STATUS,PIT_BLOCKED,DAILY_SOURCE,BLOCKED,True,kr_stock_lending_market_daily,True,kr_stock_lending_market_daily,daily,LENDING_DAILY,,,True,False,REGISTERED,,DAILY_API/COLLECTION_REQUIRED,True,normalized/kr_stock_lending_market_daily
kr_stock_lending_participant_daily,Daily stock lending amounts and ratios by participant class.,normalized,data_go_kr:GetCMStckLnbInfoService/getStckLnbInvpnDetail; coverage_policy=2021-04+; license=portal_product_page_required,2021-04-01,2026-08-14,1,STATUS_ONLY,PIT_BLOCKED,DAILY_SOURCE,BLOCKED,True,kr_stock_lending_participant_daily,True,kr_stock_lending_participant_daily,daily,LENDING_DAILY,,,True,False,REGISTERED,,DAILY_API/COLLECTION_REQUIRED,True,normalized/kr_stock_lending_participant_daily
kr_treasury_yield_daily,Korean Treasury yields,normalized,tossinvest_open_api,2019-01-02,2026-08-10,1,NONE,PIT_BLOCKED,DAILY_SOURCE,BLOCKED,False,,True,kr_treasury_yield_daily,daily,KR_TREASURY_DAILY,,,True,False,REGISTRY_MISSING,contracted or retained operational dataset was absent from the 33-row executable health registry,DAILY_API/COLLECTION_REQUIRED,True,normalized/kr_treasury_yield_daily
kr_vkospi_daily,KRX KOSPI 200 volatility index daily observations; source-empty historical baseline fields are null.,normalized,KRX:MDCSTAT01201:1300,2003-01-02,2026-08-14,1,DIRECT_AND_STATUS,PIT_LIMITED,DAILY_SOURCE,,True,kr_vkospi_daily,True,kr_vkospi_daily,daily,VKOSPI_DAILY,,,True,False,REGISTERED,,DAILY_API/COLLECTION_REQUIRED,True,raw/kr_vkospi_daily;normalized/kr_vkospi_daily
krx_legacy_kospi200_futures_daily,KOSPI200 futures prices and provider observations,normalized,legacy_stock_investment,2010-01-04,2019-12-30,1,NONE,PIT_SAFE,HISTORICAL_STATIC,,False,,True,krx_legacy_kospi200_futures_daily,daily,NO_SCHEDULER_LANE,,kr_kospi200_futures_provider_bridge_daily,False,False,INTENTIONALLY_EXCLUDED,historical/research/provider-specific dataset intentionally excluded from the 33-row executable health registry,NO_REFRESH_REQUIRED,True,normalized/krx_legacy_kospi200_futures_daily
krx_legacy_kospi200_options_daily,KOSPI200 option prices and provider observations,normalized,legacy_stock_investment,2010-01-04,2019-12-30,1,NONE,PIT_SAFE,HISTORICAL_STATIC,,False,,True,krx_legacy_kospi200_options_daily,daily,NO_SCHEDULER_LANE,,kr_kospi200_options_provider_bridge_daily,False,False,INTENTIONALLY_EXCLUDED,historical/research/provider-specific dataset intentionally excluded from the 33-row executable health registry,NO_REFRESH_REQUIRED,True,normalized/krx_legacy_kospi200_options_daily
ls_t1633_program_trading_candidate,Korean market program trading,landing,LS OpenAPI t1633,2001-08-01,2026-08-14,,NONE,NON_PREDICTIVE,RESEARCH_ONLY,,False,,True,ls_t1633_program_trading_candidate,research_only,NO_SCHEDULER_LANE,,,False,False,INTENTIONALLY_EXCLUDED,historical/research/provider-specific dataset intentionally excluded from the 33-row executable health registry,RESEARCH_ONLY,True,landing/ls/t1633_program_trading_raw
ls_t8428_surrounding_funds_source_observation,"Official LS t8428 daily source observations. Monetary fields whose official labels end in _억원 use KRW 100 million. Source date is preserved, but publication/revision timing is unknown, so predictive use is blocked.",normalized,ls_openapi:t8428:/stock/investinfo:gubun=1:upcode=001,2006,2026-08-14,1,NONE,PIT_BLOCKED,BLOCKED,,False,,True,ls_t8428_surrounding_funds_source_observation,daily,NO_SCHEDULER_LANE,,,False,False,INTENTIONALLY_EXCLUDED,historical/research/provider-specific dataset intentionally excluded from the 33-row executable health registry,BLOCKED,True,landing/ls/t8428_surrounding_funds_raw
ls_t8462_daily_raw,KOSPI200 derivatives investor flow,landing,LS OpenAPI t8462,2025-07-18,2026-08-14,,DIRECT_AND_STATUS,NON_PREDICTIVE,RESEARCH_ONLY,,True,ls_t8462_daily_raw,True,ls_t8462_daily_raw,research_only,LS_T8462_DAILY,,,False,False,REGISTERED,,RESEARCH_ONLY,True,landing/ls_openapi/t8462_raw;landing/ls_openapi/t8462_daily_raw
us_cftc_disaggregated_futures_only_raw,U.S. CFTC commitments-of-traders positions,landing,CFTC historical compressed archives,2006-06-13,2026-08-11,,NONE,PIT_BLOCKED,WEEKLY,BLOCKED,False,,True,us_cftc_disaggregated_futures_only_raw,weekly,NO_SCHEDULER_LANE,,,False,False,INTENTIONALLY_EXCLUDED,historical/research/provider-specific dataset intentionally excluded from the 33-row executable health registry,WEEKLY,True,landing/cftc/cot_historical_raw::DISAGGREGATED_FUTURES_ONLY
us_cftc_legacy_futures_only_raw,U.S. CFTC commitments-of-traders positions,landing,CFTC historical compressed archives,1986,2026-08-11,,NONE,PIT_BLOCKED,WEEKLY,BLOCKED,False,,True,us_cftc_legacy_futures_only_raw,weekly,NO_SCHEDULER_LANE,,,False,False,INTENTIONALLY_EXCLUDED,historical/research/provider-specific dataset intentionally excluded from the 33-row executable health registry,WEEKLY,True,landing/cftc/legacy_cot_historical_raw::LEGACY_FUTURES_ONLY
us_cftc_legacy_futures_options_combined_raw,U.S. CFTC commitments-of-traders positions,landing,CFTC historical compressed archives,1995,2026-08-11,,NONE,PIT_BLOCKED,WEEKLY,BLOCKED,False,,True,us_cftc_legacy_futures_options_combined_raw,weekly,NO_SCHEDULER_LANE,,,False,False,INTENTIONALLY_EXCLUDED,historical/research/provider-specific dataset intentionally excluded from the 33-row executable health registry,WEEKLY,True,landing/cftc/legacy_cot_historical_raw::LEGACY_FUTURES_OPTIONS_COMBINED
us_cftc_tff_futures_only_raw,U.S. CFTC commitments-of-traders positions,landing,CFTC historical compressed archives,2006-06-13,2026-08-11,,NONE,PIT_BLOCKED,WEEKLY,BLOCKED,False,,True,us_cftc_tff_futures_only_raw,weekly,NO_SCHEDULER_LANE,,,False,False,INTENTIONALLY_EXCLUDED,historical/research/provider-specific dataset intentionally excluded from the 33-row executable health registry,WEEKLY,True,landing/cftc/cot_historical_raw::TFF_FUTURES_ONLY
us_treasury_spread_daily,Treasury term spreads reproducibly derived from normalized FRED yields.,derived,fred_treasury_yield_daily,1962-01-02,2026-08-14,1,STATUS_ONLY,PIT_BLOCKED,DERIVED_DEPENDENCY,BLOCKED,True,us_treasury_spread_daily,True,us_treasury_spread_daily,daily,FRED_DAILY,fred_treasury_yield_daily,,True,False,REGISTERED,,DAILY_DERIVED_REFRESH,True,derived/us_treasury_spread_daily
