product_scope,market_date,institution_total_sv_18,detail_fields,detail_values,detail_sum,difference_sv_18_minus_detail_sum,sv_15_futures_quantity,classification
KOSPI200_CALL_U,20250718,337,sv_01|sv_03|sv_04|sv_02|sv_05|sv_06|sv_15|sv_00,589|-254|1|0|0|0|0|0,336,1,0,OPTION_SPECIFIC_SEMANTICS
KOSPI200_CALL_U,20250722,-1536,sv_01|sv_03|sv_04|sv_02|sv_05|sv_06|sv_15|sv_00,-864|-674|0|0|0|0|0|0,-1538,2,0,OPTION_SPECIFIC_SEMANTICS
KOSPI200_CALL_U,20250723,-725,sv_01|sv_03|sv_04|sv_02|sv_05|sv_06|sv_15|sv_00,-408|-312|-1|0|0|0|0|0,-721,-4,0,OPTION_SPECIFIC_SEMANTICS
KOSPI200_CALL_U,20250724,-712,sv_01|sv_03|sv_04|sv_02|sv_05|sv_06|sv_15|sv_00,-577|-138|1|0|0|0|0|0,-714,2,0,OPTION_SPECIFIC_SEMANTICS
KOSPI200_CALL_U,20250725,146,sv_01|sv_03|sv_04|sv_02|sv_05|sv_06|sv_15|sv_00,338|-186|0|0|0|0|0|0,152,-6,0,OPTION_SPECIFIC_SEMANTICS
KOSPI200_CALL_U,20250729,24,sv_01|sv_03|sv_04|sv_02|sv_05|sv_06|sv_15|sv_00,-31|47|-3|0|0|0|0|0,13,11,0,OPTION_SPECIFIC_SEMANTICS
KOSPI200_CALL_U,20250730,-1318,sv_01|sv_03|sv_04|sv_02|sv_05|sv_06|sv_15|sv_00,-1302|-58|2|0|0|0|0|0,-1358,40,0,OPTION_SPECIFIC_SEMANTICS
KOSPI200_CALL_U,20250731,2199,sv_01|sv_03|sv_04|sv_02|sv_05|sv_06|sv_15|sv_00,2867|-675|0|0|0|0|0|0,2192,7,0,OPTION_SPECIFIC_SEMANTICS
KOSPI200_CALL_U,20250801,-1697,sv_01|sv_03|sv_04|sv_02|sv_05|sv_06|sv_15|sv_00,-1358|-264|0|0|0|0|0|0,-1622,-75,0,OPTION_SPECIFIC_SEMANTICS
KOSPI200_CALL_U,20250804,-1807,sv_01|sv_03|sv_04|sv_02|sv_05|sv_06|sv_15|sv_00,-1398|-371|0|0|0|0|0|0,-1769,-38,0,OPTION_SPECIFIC_SEMANTICS
KOSPI200_CALL_U,20250805,-530,sv_01|sv_03|sv_04|sv_02|sv_05|sv_06|sv_15|sv_00,25|-200|0|0|0|0|0|0,-175,-355,0,OPTION_SPECIFIC_SEMANTICS
KOSPI200_CALL_U,20250806,-1220,sv_01|sv_03|sv_04|sv_02|sv_05|sv_06|sv_15|sv_00,-1034|-196|-2|0|0|0|0|0,-1232,12,0,OPTION_SPECIFIC_SEMANTICS
KOSPI200_CALL_U,20250807,-8,sv_01|sv_03|sv_04|sv_02|sv_05|sv_06|sv_15|sv_00,405|-340|1|0|0|0|0|0,66,-74,0,OPTION_SPECIFIC_SEMANTICS
KOSPI200_CALL_U,20250808,-1669,sv_01|sv_03|sv_04|sv_02|sv_05|sv_06|sv_15|sv_00,-1499|-221|0|0|0|0|0|0,-1720,51,0,OPTION_SPECIFIC_SEMANTICS
KOSPI200_CALL_U,20250811,-19547,sv_01|sv_03|sv_04|sv_02|sv_05|sv_06|sv_15|sv_00,-10787|-8687|0|0|0|0|0|0,-19474,-73,0,OPTION_SPECIFIC_SEMANTICS
KOSPI200_CALL_U,20250812,-12603,sv_01|sv_03|sv_04|sv_02|sv_05|sv_06|sv_15|sv_00,-11833|-331|2|0|0|158|0|0,-12004,-599,0,OPTION_SPECIFIC_SEMANTICS
KOSPI200_CALL_U,20250813,-3961,sv_01|sv_03|sv_04|sv_02|sv_05|sv_06|sv_15|sv_00,-4557|-323|-1|0|0|204|0|0,-4677,716,0,OPTION_SPECIFIC_SEMANTICS
KOSPI200_CALL_U,20250814,-28834,sv_01|sv_03|sv_04|sv_02|sv_05|sv_06|sv_15|sv_00,-25854|-792|50|-677|0|-360|0|0,-27633,-1201,0,OPTION_SPECIFIC_SEMANTICS
KOSPI200_CALL_U,20250818,-1121,sv_01|sv_03|sv_04|sv_02|sv_05|sv_06|sv_15|sv_00,-759|-355|2|0|0|0|0|0,-1112,-9,0,OPTION_SPECIFIC_SEMANTICS
KOSPI200_CALL_U,20250819,1250,sv_01|sv_03|sv_04|sv_02|sv_05|sv_06|sv_15|sv_00,1535|-301|5|0|0|0|0|0,1239,11,0,OPTION_SPECIFIC_SEMANTICS
KOSPI200_CALL_U,20250820,468,sv_01|sv_03|sv_04|sv_02|sv_05|sv_06|sv_15|sv_00,1039|-543|-1|0|0|0|0|0,495,-27,0,OPTION_SPECIFIC_SEMANTICS
KOSPI200_CALL_U,20250821,-324,sv_01|sv_03|sv_04|sv_02|sv_05|sv_06|sv_15|sv_00,-156|-198|-1|0|0|0|0|0,-355,31,0,OPTION_SPECIFIC_SEMANTICS
KOSPI200_CALL_U,20250825,-190,sv_01|sv_03|sv_04|sv_02|sv_05|sv_06|sv_15|sv_00,14|-199|-1|0|0|0|0|0,-186,-4,0,OPTION_SPECIFIC_SEMANTICS
KOSPI200_CALL_U,20250826,192,sv_01|sv_03|sv_04|sv_02|sv_05|sv_06|sv_15|sv_00,369|-135|1|0|0|0|0|0,235,-43,0,OPTION_SPECIFIC_SEMANTICS
KOSPI200_CALL_U,20250827,215,sv_01|sv_03|sv_04|sv_02|sv_05|sv_06|sv_15|sv_00,564|-333|0|0|0|0|0|0,231,-16,0,OPTION_SPECIFIC_SEMANTICS
KOSPI200_CALL_U,20250828,-426,sv_01|sv_03|sv_04|sv_02|sv_05|sv_06|sv_15|sv_00,-177|-222|0|0|0|0|0|0,-399,-27,0,OPTION_SPECIFIC_SEMANTICS
KOSPI200_CALL_U,20250829,-1227,sv_01|sv_03|sv_04|sv_02|sv_05|sv_06|sv_15|sv_00,-958|-214|40|0|0|0|0|0,-1132,-95,0,OPTION_SPECIFIC_SEMANTICS
KOSPI200_CALL_U,20250901,-428,sv_01|sv_03|sv_04|sv_02|sv_05|sv_06|sv_15|sv_00,-281|-102|7|0|0|0|0|0,-376,-52,0,OPTION_SPECIFIC_SEMANTICS
KOSPI200_CALL_U,20250902,150,sv_01|sv_03|sv_04|sv_02|sv_05|sv_06|sv_15|sv_00,552|-304|-1|0|0|0|0|0,247,-97,0,OPTION_SPECIFIC_SEMANTICS
KOSPI200_CALL_U,20250903,-875,sv_01|sv_03|sv_04|sv_02|sv_05|sv_06|sv_15|sv_00,-575|-183|1|0|0|0|0|0,-757,-118,0,OPTION_SPECIFIC_SEMANTICS
KOSPI200_CALL_U,20250905,-311,sv_01|sv_03|sv_04|sv_02|sv_05|sv_06|sv_15|sv_00,-280|-123|0|0|0|0|0|0,-403,92,0,OPTION_SPECIFIC_SEMANTICS
KOSPI200_CALL_U,20250908,-26022,sv_01|sv_03|sv_04|sv_02|sv_05|sv_06|sv_15|sv_00,-14500|-11538|0|0|0|0|0|0,-26038,16,0,OPTION_SPECIFIC_SEMANTICS
KOSPI200_CALL_U,20250909,-1629,sv_01|sv_03|sv_04|sv_02|sv_05|sv_06|sv_15|sv_00,-1072|-837|-35|0|0|0|0|0,-1944,315,0,OPTION_SPECIFIC_SEMANTICS
KOSPI200_CALL_U,20250910,-1631,sv_01|sv_03|sv_04|sv_02|sv_05|sv_06|sv_15|sv_00,-843|-1033|186|0|0|0|0|0,-1690,59,0,OPTION_SPECIFIC_SEMANTICS
KOSPI200_CALL_U,20250911,-31237,sv_01|sv_03|sv_04|sv_02|sv_05|sv_06|sv_15|sv_00,-29123|-776|0|-690|0|0|0|0,-30589,-648,0,OPTION_SPECIFIC_SEMANTICS
KOSPI200_CALL_U,20250912,-1845,sv_01|sv_03|sv_04|sv_02|sv_05|sv_06|sv_15|sv_00,-1761|-76|0|0|0|0|0|0,-1837,-8,0,OPTION_SPECIFIC_SEMANTICS
KOSPI200_CALL_U,20250915,66,sv_01|sv_03|sv_04|sv_02|sv_05|sv_06|sv_15|sv_00,72|-4|0|0|0|0|0|0,68,-2,0,OPTION_SPECIFIC_SEMANTICS
KOSPI200_CALL_U,20250916,-854,sv_01|sv_03|sv_04|sv_02|sv_05|sv_06|sv_15|sv_00,-350|-501|0|1|0|0|0|0,-850,-4,0,OPTION_SPECIFIC_SEMANTICS
KOSPI200_CALL_U,20250917,-625,sv_01|sv_03|sv_04|sv_02|sv_05|sv_06|sv_15|sv_00,-663|21|1|0|0|0|0|0,-641,16,0,OPTION_SPECIFIC_SEMANTICS
KOSPI200_CALL_U,20250918,-320,sv_01|sv_03|sv_04|sv_02|sv_05|sv_06|sv_15|sv_00,133|-409|1|0|0|0|0|0,-275,-45,0,OPTION_SPECIFIC_SEMANTICS
KOSPI200_CALL_U,20250919,-321,sv_01|sv_03|sv_04|sv_02|sv_05|sv_06|sv_15|sv_00,-309|-8|-1|0|0|0|0|0,-318,-3,0,OPTION_SPECIFIC_SEMANTICS
KOSPI200_CALL_U,20250922,-297,sv_01|sv_03|sv_04|sv_02|sv_05|sv_06|sv_15|sv_00,-305|4|1|0|0|0|0|0,-300,3,0,OPTION_SPECIFIC_SEMANTICS
KOSPI200_CALL_U,20250923,-206,sv_01|sv_03|sv_04|sv_02|sv_05|sv_06|sv_15|sv_00,-170|-30|0|0|0|0|0|0,-200,-6,0,OPTION_SPECIFIC_SEMANTICS
KOSPI200_CALL_U,20250924,-146,sv_01|sv_03|sv_04|sv_02|sv_05|sv_06|sv_15|sv_00,-98|28|-99|0|0|0|0|0,-169,23,0,OPTION_SPECIFIC_SEMANTICS
KOSPI200_CALL_U,20250925,-2306,sv_01|sv_03|sv_04|sv_02|sv_05|sv_06|sv_15|sv_00,-2094|-249|-1|0|0|0|0|0,-2344,38,0,OPTION_SPECIFIC_SEMANTICS
KOSPI200_CALL_U,20250926,1868,sv_01|sv_03|sv_04|sv_02|sv_05|sv_06|sv_15|sv_00,1761|80|2|0|0|0|0|0,1843,25,0,OPTION_SPECIFIC_SEMANTICS
KOSPI200_CALL_U,20250929,-14562,sv_01|sv_03|sv_04|sv_02|sv_05|sv_06|sv_15|sv_00,-5051|-9359|0|0|0|0|0|0,-14410,-152,0,OPTION_SPECIFIC_SEMANTICS
KOSPI200_CALL_U,20250930,-12233,sv_01|sv_03|sv_04|sv_02|sv_05|sv_06|sv_15|sv_00,-12032|-275|-1|0|0|0|0|0,-12308,75,0,OPTION_SPECIFIC_SEMANTICS
KOSPI200_CALL_U,20251001,-7948,sv_01|sv_03|sv_04|sv_02|sv_05|sv_06|sv_15|sv_00,-6908|-410|-2|0|0|194|0|0,-7126,-822,0,OPTION_SPECIFIC_SEMANTICS
KOSPI200_CALL_U,20251002,-4243,sv_01|sv_03|sv_04|sv_02|sv_05|sv_06|sv_15|sv_00,-4255|-2022|120|-456|0|-194|0|0,-6807,2564,0,OPTION_SPECIFIC_SEMANTICS
KOSPI200_CALL_U,20251013,329,sv_01|sv_03|sv_04|sv_02|sv_05|sv_06|sv_15|sv_00,715|-407|0|0|0|0|0|0,308,21,0,OPTION_SPECIFIC_SEMANTICS
KOSPI200_CALL_U,20251014,-518,sv_01|sv_03|sv_04|sv_02|sv_05|sv_06|sv_15|sv_00,223|-723|-1|0|0|0|0|0,-501,-17,0,OPTION_SPECIFIC_SEMANTICS
KOSPI200_CALL_U,20251015,-25,sv_01|sv_03|sv_04|sv_02|sv_05|sv_06|sv_15|sv_00,-22|0|0|0|0|0|0|0,-22,-3,0,OPTION_SPECIFIC_SEMANTICS
KOSPI200_CALL_U,20251016,-492,sv_01|sv_03|sv_04|sv_02|sv_05|sv_06|sv_15|sv_00,19|-545|0|0|0|0|0|0,-526,34,0,OPTION_SPECIFIC_SEMANTICS
KOSPI200_CALL_U,20251017,-542,sv_01|sv_03|sv_04|sv_02|sv_05|sv_06|sv_15|sv_00,-231|-396|2|0|0|0|0|0,-625,83,0,OPTION_SPECIFIC_SEMANTICS
KOSPI200_CALL_U,20251020,-103,sv_01|sv_03|sv_04|sv_02|sv_05|sv_06|sv_15|sv_00,309|-408|-1|0|0|0|0|0,-100,-3,0,OPTION_SPECIFIC_SEMANTICS
KOSPI200_CALL_U,20251021,-393,sv_01|sv_03|sv_04|sv_02|sv_05|sv_06|sv_15|sv_00,-315|4|0|0|0|0|0|0,-311,-82,0,OPTION_SPECIFIC_SEMANTICS
KOSPI200_CALL_U,20251022,66,sv_01|sv_03|sv_04|sv_02|sv_05|sv_06|sv_15|sv_00,59|3|0|0|0|0|0|0,62,4,0,OPTION_SPECIFIC_SEMANTICS
KOSPI200_CALL_U,20251023,-217,sv_01|sv_03|sv_04|sv_02|sv_05|sv_06|sv_15|sv_00,-208|-8|0|0|0|0|0|0,-216,-1,0,OPTION_SPECIFIC_SEMANTICS
KOSPI200_CALL_U,20251024,-284,sv_01|sv_03|sv_04|sv_02|sv_05|sv_06|sv_15|sv_00,121|-406|-1|1|0|0|0|0,-285,1,0,OPTION_SPECIFIC_SEMANTICS
KOSPI200_CALL_U,20251027,205,sv_01|sv_03|sv_04|sv_02|sv_05|sv_06|sv_15|sv_00,225|-22|0|0|0|0|0|0,203,2,0,OPTION_SPECIFIC_SEMANTICS
KOSPI200_CALL_U,20251028,90,sv_01|sv_03|sv_04|sv_02|sv_05|sv_06|sv_15|sv_00,59|17|0|0|0|0|0|0,76,14,0,OPTION_SPECIFIC_SEMANTICS
KOSPI200_CALL_U,20251030,-1119,sv_01|sv_03|sv_04|sv_02|sv_05|sv_06|sv_15|sv_00,-1130|12|1|1|0|0|0|0,-1116,-3,0,OPTION_SPECIFIC_SEMANTICS
KOSPI200_CALL_U,20251031,-1409,sv_01|sv_03|sv_04|sv_02|sv_05|sv_06|sv_15|sv_00,-1368|-43|0|0|0|0|0|0,-1411,2,0,OPTION_SPECIFIC_SEMANTICS
KOSPI200_CALL_U,20251103,500,sv_01|sv_03|sv_04|sv_02|sv_05|sv_06|sv_15|sv_00,530|-9|0|0|0|0|0|0,521,-21,0,OPTION_SPECIFIC_SEMANTICS
KOSPI200_CALL_U,20251104,-324,sv_01|sv_03|sv_04|sv_02|sv_05|sv_06|sv_15|sv_00,-500|196|1|0|0|0|0|0,-303,-21,0,OPTION_SPECIFIC_SEMANTICS
KOSPI200_CALL_U,20251105,-1256,sv_01|sv_03|sv_04|sv_02|sv_05|sv_06|sv_15|sv_00,-1459|238|-1|0|0|0|0|0,-1222,-34,0,OPTION_SPECIFIC_SEMANTICS
KOSPI200_CALL_U,20251106,419,sv_01|sv_03|sv_04|sv_02|sv_05|sv_06|sv_15|sv_00,349|-9|0|0|6|0|0|0,346,73,0,OPTION_SPECIFIC_SEMANTICS
KOSPI200_CALL_U,20251107,-865,sv_01|sv_03|sv_04|sv_02|sv_05|sv_06|sv_15|sv_00,-514|121|0|0|-6|0|0|0,-399,-466,0,OPTION_SPECIFIC_SEMANTICS
KOSPI200_CALL_U,20251110,-8431,sv_01|sv_03|sv_04|sv_02|sv_05|sv_06|sv_15|sv_00,-1416|-6859|0|0|0|0|0|0,-8275,-156,0,OPTION_SPECIFIC_SEMANTICS
KOSPI200_CALL_U,20251111,-7303,sv_01|sv_03|sv_04|sv_02|sv_05|sv_06|sv_15|sv_00,-7054|-317|2|0|0|0|0|0,-7369,66,0,OPTION_SPECIFIC_SEMANTICS
KOSPI200_CALL_U,20251112,-9194,sv_01|sv_03|sv_04|sv_02|sv_05|sv_06|sv_15|sv_00,-9282|17|0|0|-9|0|0|0,-9274,80,0,OPTION_SPECIFIC_SEMANTICS
KOSPI200_CALL_U,20251113,-33528,sv_01|sv_03|sv_04|sv_02|sv_05|sv_06|sv_15|sv_00,-29801|-1004|19|-181|9|-860|0|0,-31818,-1710,0,OPTION_SPECIFIC_SEMANTICS
KOSPI200_CALL_U,20251114,-756,sv_01|sv_03|sv_04|sv_02|sv_05|sv_06|sv_15|sv_00,341|-1075|0|0|0|0|0|0,-734,-22,0,OPTION_SPECIFIC_SEMANTICS
KOSPI200_CALL_U,20251117,-277,sv_01|sv_03|sv_04|sv_02|sv_05|sv_06|sv_15|sv_00,344|-604|1|0|0|0|0|0,-259,-18,0,OPTION_SPECIFIC_SEMANTICS
KOSPI200_CALL_U,20251118,-802,sv_01|sv_03|sv_04|sv_02|sv_05|sv_06|sv_15|sv_00,-425|-372|0|0|0|0|0|0,-797,-5,0,OPTION_SPECIFIC_SEMANTICS
KOSPI200_CALL_U,20251119,-140,sv_01|sv_03|sv_04|sv_02|sv_05|sv_06|sv_15|sv_00,178|-303|0|0|0|0|0|0,-125,-15,0,OPTION_SPECIFIC_SEMANTICS
KOSPI200_CALL_U,20251120,-443,sv_01|sv_03|sv_04|sv_02|sv_05|sv_06|sv_15|sv_00,-88|-281|0|0|0|0|0|0,-369,-74,0,OPTION_SPECIFIC_SEMANTICS
KOSPI200_CALL_U,20251121,439,sv_01|sv_03|sv_04|sv_02|sv_05|sv_06|sv_15|sv_00,491|-1|1|0|0|0|0|0,491,-52,0,OPTION_SPECIFIC_SEMANTICS
KOSPI200_CALL_U,20251124,399,sv_01|sv_03|sv_04|sv_02|sv_05|sv_06|sv_15|sv_00,399|2|0|0|0|0|0|0,401,-2,0,OPTION_SPECIFIC_SEMANTICS
KOSPI200_CALL_U,20251125,282,sv_01|sv_03|sv_04|sv_02|sv_05|sv_06|sv_15|sv_00,275|2|0|0|0|0|0|0,277,5,0,OPTION_SPECIFIC_SEMANTICS
KOSPI200_CALL_U,20251126,-163,sv_01|sv_03|sv_04|sv_02|sv_05|sv_06|sv_15|sv_00,-21|-125|0|0|0|0|0|0,-146,-17,0,OPTION_SPECIFIC_SEMANTICS
KOSPI200_CALL_U,20251127,148,sv_01|sv_03|sv_04|sv_02|sv_05|sv_06|sv_15|sv_00,477|-351|0|0|0|0|0|0,126,22,0,OPTION_SPECIFIC_SEMANTICS
KOSPI200_CALL_U,20251128,80,sv_01|sv_03|sv_04|sv_02|sv_05|sv_06|sv_15|sv_00,81|3|0|0|0|0|0|0,84,-4,0,OPTION_SPECIFIC_SEMANTICS
KOSPI200_CALL_U,20251201,430,sv_01|sv_03|sv_04|sv_02|sv_05|sv_06|sv_15|sv_00,449|-32|0|0|0|0|0|0,417,13,0,OPTION_SPECIFIC_SEMANTICS
KOSPI200_CALL_U,20251202,-441,sv_01|sv_03|sv_04|sv_02|sv_05|sv_06|sv_15|sv_00,-292|-130|-2|0|0|0|0|0,-424,-17,0,OPTION_SPECIFIC_SEMANTICS
KOSPI200_CALL_U,20251203,-18,sv_01|sv_03|sv_04|sv_02|sv_05|sv_06|sv_15|sv_00,146|-201|1|0|0|0|0|0,-54,36,0,OPTION_SPECIFIC_SEMANTICS
KOSPI200_CALL_U,20251204,-806,sv_01|sv_03|sv_04|sv_02|sv_05|sv_06|sv_15|sv_00,-343|-464|0|0|0|0|0|0,-807,1,0,OPTION_SPECIFIC_SEMANTICS
KOSPI200_CALL_U,20251208,-11121,sv_01|sv_03|sv_04|sv_02|sv_05|sv_06|sv_15|sv_00,-3921|-7189|1|0|0|0|0|0,-11109,-12,0,OPTION_SPECIFIC_SEMANTICS
KOSPI200_CALL_U,20251209,-6509,sv_01|sv_03|sv_04|sv_02|sv_05|sv_06|sv_15|sv_00,-5952|-301|0|0|0|0|0|0,-6253,-256,0,OPTION_SPECIFIC_SEMANTICS
KOSPI200_CALL_U,20251210,-9256,sv_01|sv_03|sv_04|sv_02|sv_05|sv_06|sv_15|sv_00,-8761|-248|4|0|0|0|0|0,-9005,-251,0,OPTION_SPECIFIC_SEMANTICS
KOSPI200_CALL_U,20251211,-43512,sv_01|sv_03|sv_04|sv_02|sv_05|sv_06|sv_15|sv_00,-41468|-1095|4|-166|0|0|0|0,-42725,-787,0,OPTION_SPECIFIC_SEMANTICS
KOSPI200_CALL_U,20251212,95,sv_01|sv_03|sv_04|sv_02|sv_05|sv_06|sv_15|sv_00,354|-246|-1|0|0|0|0|0,107,-12,0,OPTION_SPECIFIC_SEMANTICS
KOSPI200_CALL_U,20251215,360,sv_01|sv_03|sv_04|sv_02|sv_05|sv_06|sv_15|sv_00,369|-5|-1|0|0|0|0|0,363,-3,0,OPTION_SPECIFIC_SEMANTICS
KOSPI200_CALL_U,20251216,-674,sv_01|sv_03|sv_04|sv_02|sv_05|sv_06|sv_15|sv_00,-451|-7|-100|0|0|-80|0|0,-638,-36,0,OPTION_SPECIFIC_SEMANTICS
KOSPI200_CALL_U,20251217,416,sv_01|sv_03|sv_04|sv_02|sv_05|sv_06|sv_15|sv_00,702|-285|0|0|0|0|0|0,417,-1,0,OPTION_SPECIFIC_SEMANTICS
KOSPI200_CALL_U,20251218,88,sv_01|sv_03|sv_04|sv_02|sv_05|sv_06|sv_15|sv_00,-193|279|0|0|0|0|0|0,86,2,0,OPTION_SPECIFIC_SEMANTICS
KOSPI200_CALL_U,20251219,689,sv_01|sv_03|sv_04|sv_02|sv_05|sv_06|sv_15|sv_00,587|-100|1|0|0|0|0|0,488,201,0,OPTION_SPECIFIC_SEMANTICS
KOSPI200_CALL_U,20251222,51,sv_01|sv_03|sv_04|sv_02|sv_05|sv_06|sv_15|sv_00,249|-209|0|0|0|0|0|0,40,11,0,OPTION_SPECIFIC_SEMANTICS
KOSPI200_CALL_U,20251223,7,sv_01|sv_03|sv_04|sv_02|sv_05|sv_06|sv_15|sv_00,434|-426|0|0|0|0|0|0,8,-1,0,OPTION_SPECIFIC_SEMANTICS
KOSPI200_PUT_U,20250718,347,sv_01|sv_03|sv_04|sv_02|sv_05|sv_06|sv_15|sv_00,418|-70|0|0|0|0|0|0,348,-1,0,OPTION_SPECIFIC_SEMANTICS
KOSPI200_PUT_U,20250721,738,sv_01|sv_03|sv_04|sv_02|sv_05|sv_06|sv_15|sv_00,676|58|6|0|0|0|0|0,740,-2,0,OPTION_SPECIFIC_SEMANTICS
KOSPI200_PUT_U,20250723,1114,sv_01|sv_03|sv_04|sv_02|sv_05|sv_06|sv_15|sv_00,1066|52|0|0|0|0|0|0,1118,-4,0,OPTION_SPECIFIC_SEMANTICS
KOSPI200_PUT_U,20250724,1416,sv_01|sv_03|sv_04|sv_02|sv_05|sv_06|sv_15|sv_00,1552|-146|4|0|0|0|0|0,1410,6,0,OPTION_SPECIFIC_SEMANTICS
KOSPI200_PUT_U,20250725,619,sv_01|sv_03|sv_04|sv_02|sv_05|sv_06|sv_15|sv_00,570|29|0|0|0|0|0|0,599,20,0,OPTION_SPECIFIC_SEMANTICS
KOSPI200_PUT_U,20250728,814,sv_01|sv_03|sv_04|sv_02|sv_05|sv_06|sv_15|sv_00,923|43|-150|0|0|0|0|0,816,-2,0,OPTION_SPECIFIC_SEMANTICS
KOSPI200_PUT_U,20250729,-420,sv_01|sv_03|sv_04|sv_02|sv_05|sv_06|sv_15|sv_00,-662|245|3|0|0|0|0|0,-414,-6,0,OPTION_SPECIFIC_SEMANTICS
KOSPI200_PUT_U,20250730,1320,sv_01|sv_03|sv_04|sv_02|sv_05|sv_06|sv_15|sv_00,1293|40|7|0|0|0|0|0,1340,-20,0,OPTION_SPECIFIC_SEMANTICS
KOSPI200_PUT_U,20250731,1340,sv_01|sv_03|sv_04|sv_02|sv_05|sv_06|sv_15|sv_00,1472|-125|0|0|0|0|0|0,1347,-7,0,OPTION_SPECIFIC_SEMANTICS
KOSPI200_PUT_U,20250801,-5632,sv_01|sv_03|sv_04|sv_02|sv_05|sv_06|sv_15|sv_00,-5628|46|-100|0|0|0|0|0,-5682,50,0,OPTION_SPECIFIC_SEMANTICS
KOSPI200_PUT_U,20250804,4853,sv_01|sv_03|sv_04|sv_02|sv_05|sv_06|sv_15|sv_00,4761|96|0|0|0|0|0|0,4857,-4,0,OPTION_SPECIFIC_SEMANTICS
KOSPI200_PUT_U,20250805,2548,sv_01|sv_03|sv_04|sv_02|sv_05|sv_06|sv_15|sv_00,2845|21|-150|0|0|0|0|0,2716,-168,0,OPTION_SPECIFIC_SEMANTICS
KOSPI200_PUT_U,20250806,1967,sv_01|sv_03|sv_04|sv_02|sv_05|sv_06|sv_15|sv_00,1889|76|1|0|0|0|0|0,1966,1,0,OPTION_SPECIFIC_SEMANTICS
KOSPI200_PUT_U,20250807,97,sv_01|sv_03|sv_04|sv_02|sv_05|sv_06|sv_15|sv_00,227|266|-151|0|0|0|0|0,342,-245,0,OPTION_SPECIFIC_SEMANTICS
KOSPI200_PUT_U,20250808,476,sv_01|sv_03|sv_04|sv_02|sv_05|sv_06|sv_15|sv_00,604|-127|0|0|0|0|0|0,477,-1,0,OPTION_SPECIFIC_SEMANTICS
KOSPI200_PUT_U,20250811,-14880,sv_01|sv_03|sv_04|sv_02|sv_05|sv_06|sv_15|sv_00,-13612|-64|4|0|0|0|0|0,-13672,-1208,0,OPTION_SPECIFIC_SEMANTICS
KOSPI200_PUT_U,20250812,-11649,sv_01|sv_03|sv_04|sv_02|sv_05|sv_06|sv_15|sv_00,-10698|137|4|0|0|-158|0|0,-10715,-934,0,OPTION_SPECIFIC_SEMANTICS
KOSPI200_PUT_U,20250813,-19700,sv_01|sv_03|sv_04|sv_02|sv_05|sv_06|sv_15|sv_00,-16496|-31|-150|0|0|-204|0|0,-16881,-2819,0,OPTION_SPECIFIC_SEMANTICS
KOSPI200_PUT_U,20250814,-12907,sv_01|sv_03|sv_04|sv_02|sv_05|sv_06|sv_15|sv_00,-10641|-90|31|-2|0|360|0|0,-10342,-2565,0,OPTION_SPECIFIC_SEMANTICS
KOSPI200_PUT_U,20250818,1766,sv_01|sv_03|sv_04|sv_02|sv_05|sv_06|sv_15|sv_00,1922|-6|-151|0|0|0|0|0,1765,1,0,OPTION_SPECIFIC_SEMANTICS
KOSPI200_PUT_U,20250819,466,sv_01|sv_03|sv_04|sv_02|sv_05|sv_06|sv_15|sv_00,442|10|0|0|0|0|0|0,452,14,0,OPTION_SPECIFIC_SEMANTICS
KOSPI200_PUT_U,20250820,-497,sv_01|sv_03|sv_04|sv_02|sv_05|sv_06|sv_15|sv_00,-1007|129|400|0|0|0|0|0,-478,-19,0,OPTION_SPECIFIC_SEMANTICS
KOSPI200_PUT_U,20250821,3418,sv_01|sv_03|sv_04|sv_02|sv_05|sv_06|sv_15|sv_00,3500|-97|1|0|0|0|0|0,3404,14,0,OPTION_SPECIFIC_SEMANTICS
KOSPI200_PUT_U,20250825,3472,sv_01|sv_03|sv_04|sv_02|sv_05|sv_06|sv_15|sv_00,3436|93|-99|0|0|0|0|0,3430,42,0,OPTION_SPECIFIC_SEMANTICS
KOSPI200_PUT_U,20250826,-1480,sv_01|sv_03|sv_04|sv_02|sv_05|sv_06|sv_15|sv_00,-1448|-14|-1|0|0|0|0|0,-1463,-17,0,OPTION_SPECIFIC_SEMANTICS
KOSPI200_PUT_U,20250827,647,sv_01|sv_03|sv_04|sv_02|sv_05|sv_06|sv_15|sv_00,634|9|0|0|0|0|0|0,643,4,0,OPTION_SPECIFIC_SEMANTICS
KOSPI200_PUT_U,20250828,5023,sv_01|sv_03|sv_04|sv_02|sv_05|sv_06|sv_15|sv_00,4949|50|0|0|0|0|0|0,4999,24,0,OPTION_SPECIFIC_SEMANTICS
KOSPI200_PUT_U,20250829,-1583,sv_01|sv_03|sv_04|sv_02|sv_05|sv_06|sv_15|sv_00,-1172|-21|0|0|0|0|0|0,-1193,-390,0,OPTION_SPECIFIC_SEMANTICS
KOSPI200_PUT_U,20250901,-2810,sv_01|sv_03|sv_04|sv_02|sv_05|sv_06|sv_15|sv_00,-3016|8|0|0|0|0|0|0,-3008,198,0,OPTION_SPECIFIC_SEMANTICS
KOSPI200_PUT_U,20250902,894,sv_01|sv_03|sv_04|sv_02|sv_05|sv_06|sv_15|sv_00,921|6|1|0|0|0|0|0,928,-34,0,OPTION_SPECIFIC_SEMANTICS
KOSPI200_PUT_U,20250903,-170,sv_01|sv_03|sv_04|sv_02|sv_05|sv_06|sv_15|sv_00,-313|-2|-1|0|0|0|0|0,-316,146,0,OPTION_SPECIFIC_SEMANTICS
KOSPI200_PUT_U,20250904,-104,sv_01|sv_03|sv_04|sv_02|sv_05|sv_06|sv_15|sv_00,65|-10|-150|0|0|0|0|0,-95,-9,0,OPTION_SPECIFIC_SEMANTICS
KOSPI200_PUT_U,20250905,-2150,sv_01|sv_03|sv_04|sv_02|sv_05|sv_06|sv_15|sv_00,-1741|56|0|0|0|0|0|0,-1685,-465,0,OPTION_SPECIFIC_SEMANTICS
KOSPI200_PUT_U,20250908,-16622,sv_01|sv_03|sv_04|sv_02|sv_05|sv_06|sv_15|sv_00,-16417|22|2|0|0|0|0|0,-16393,-229,0,OPTION_SPECIFIC_SEMANTICS
KOSPI200_PUT_U,20250909,-8871,sv_01|sv_03|sv_04|sv_02|sv_05|sv_06|sv_15|sv_00,-8300|46|4|0|0|0|0|0,-8250,-621,0,OPTION_SPECIFIC_SEMANTICS
KOSPI200_PUT_U,20250910,-13570,sv_01|sv_03|sv_04|sv_02|sv_05|sv_06|sv_15|sv_00,-13526|94|400|0|0|0|0|0,-13032,-538,0,OPTION_SPECIFIC_SEMANTICS
KOSPI200_PUT_U,20250911,-31191,sv_01|sv_03|sv_04|sv_02|sv_05|sv_06|sv_15|sv_00,-29533|-108|-128|-2|0|0|0|0,-29771,-1420,0,OPTION_SPECIFIC_SEMANTICS
KOSPI200_PUT_U,20250912,4169,sv_01|sv_03|sv_04|sv_02|sv_05|sv_06|sv_15|sv_00,4271|-40|8|0|0|0|0|0,4239,-70,0,OPTION_SPECIFIC_SEMANTICS
KOSPI200_PUT_U,20250915,2189,sv_01|sv_03|sv_04|sv_02|sv_05|sv_06|sv_15|sv_00,2224|-41|4|0|0|0|0|0,2187,2,0,OPTION_SPECIFIC_SEMANTICS
KOSPI200_PUT_U,20250916,7,sv_01|sv_03|sv_04|sv_02|sv_05|sv_06|sv_15|sv_00,10|-17|5|0|0|0|0|0,-2,9,0,OPTION_SPECIFIC_SEMANTICS
KOSPI200_PUT_U,20250917,-452,sv_01|sv_03|sv_04|sv_02|sv_05|sv_06|sv_15|sv_00,-552|88|1|0|0|0|0|0,-463,11,0,OPTION_SPECIFIC_SEMANTICS
KOSPI200_PUT_U,20250918,506,sv_01|sv_03|sv_04|sv_02|sv_05|sv_06|sv_15|sv_00,657|-124|4|0|0|0|0|0,537,-31,0,OPTION_SPECIFIC_SEMANTICS
KOSPI200_PUT_U,20250919,-1393,sv_01|sv_03|sv_04|sv_02|sv_05|sv_06|sv_15|sv_00,-1519|132|0|0|0|0|0|0,-1387,-6,0,OPTION_SPECIFIC_SEMANTICS
KOSPI200_PUT_U,20250922,177,sv_01|sv_03|sv_04|sv_02|sv_05|sv_06|sv_15|sv_00,116|211|0|0|0|0|0|0,327,-150,0,OPTION_SPECIFIC_SEMANTICS
KOSPI200_PUT_U,20250923,490,sv_01|sv_03|sv_04|sv_02|sv_05|sv_06|sv_15|sv_00,586|-104|0|0|0|0|0|0,482,8,0,OPTION_SPECIFIC_SEMANTICS
KOSPI200_PUT_U,20250924,-1775,sv_01|sv_03|sv_04|sv_02|sv_05|sv_06|sv_15|sv_00,-1626|109|0|0|0|0|0|0,-1517,-258,0,OPTION_SPECIFIC_SEMANTICS
KOSPI200_PUT_U,20250925,-1015,sv_01|sv_03|sv_04|sv_02|sv_05|sv_06|sv_15|sv_00,-701|-28|0|0|0|0|0|0,-729,-286,0,OPTION_SPECIFIC_SEMANTICS
KOSPI200_PUT_U,20250926,-2615,sv_01|sv_03|sv_04|sv_02|sv_05|sv_06|sv_15|sv_00,-2079|-157|-400|0|0|0|0|0,-2636,21,0,OPTION_SPECIFIC_SEMANTICS
KOSPI200_PUT_U,20250929,-443,sv_01|sv_03|sv_04|sv_02|sv_05|sv_06|sv_15|sv_00,-318|188|4|0|0|0|0|0,-126,-317,0,OPTION_SPECIFIC_SEMANTICS
KOSPI200_PUT_U,20250930,1385,sv_01|sv_03|sv_04|sv_02|sv_05|sv_06|sv_15|sv_00,1025|-135|0|0|0|0|0|0,890,495,0,OPTION_SPECIFIC_SEMANTICS
KOSPI200_PUT_U,20251001,-29786,sv_01|sv_03|sv_04|sv_02|sv_05|sv_06|sv_15|sv_00,-26821|9|6|0|0|-194|0|0,-27000,-2786,0,OPTION_SPECIFIC_SEMANTICS
KOSPI200_PUT_U,20251002,-83182,sv_01|sv_03|sv_04|sv_02|sv_05|sv_06|sv_15|sv_00,-79693|86|4|0|0|194|0|0,-79409,-3773,0,OPTION_SPECIFIC_SEMANTICS
KOSPI200_PUT_U,20251013,-1217,sv_01|sv_03|sv_04|sv_02|sv_05|sv_06|sv_15|sv_00,-876|-119|-196|0|0|0|0|0,-1191,-26,0,OPTION_SPECIFIC_SEMANTICS
KOSPI200_PUT_U,20251015,961,sv_01|sv_03|sv_04|sv_02|sv_05|sv_06|sv_15|sv_00,1581|-476|-146|0|0|0|0|0,959,2,0,OPTION_SPECIFIC_SEMANTICS
KOSPI200_PUT_U,20251016,1020,sv_01|sv_03|sv_04|sv_02|sv_05|sv_06|sv_15|sv_00,1143|-105|0|0|0|0|0|0,1038,-18,0,OPTION_SPECIFIC_SEMANTICS
KOSPI200_PUT_U,20251017,-1050,sv_01|sv_03|sv_04|sv_02|sv_05|sv_06|sv_15|sv_00,-1054|1|-1|0|0|0|0|0,-1054,4,0,OPTION_SPECIFIC_SEMANTICS
KOSPI200_PUT_U,20251020,3093,sv_01|sv_03|sv_04|sv_02|sv_05|sv_06|sv_15|sv_00,3085|-2|4|0|0|0|0|0,3087,6,0,OPTION_SPECIFIC_SEMANTICS
KOSPI200_PUT_U,20251021,2915,sv_01|sv_03|sv_04|sv_02|sv_05|sv_06|sv_15|sv_00,2950|41|4|0|0|0|0|0,2995,-80,0,OPTION_SPECIFIC_SEMANTICS
KOSPI200_PUT_U,20251022,36,sv_01|sv_03|sv_04|sv_02|sv_05|sv_06|sv_15|sv_00,-137|57|0|0|0|0|0|0,-80,116,0,OPTION_SPECIFIC_SEMANTICS
KOSPI200_PUT_U,20251023,-1358,sv_01|sv_03|sv_04|sv_02|sv_05|sv_06|sv_15|sv_00,-1489|15|100|0|0|0|0|0,-1374,16,0,OPTION_SPECIFIC_SEMANTICS
KOSPI200_PUT_U,20251024,-626,sv_01|sv_03|sv_04|sv_02|sv_05|sv_06|sv_15|sv_00,-744|-37|0|0|0|0|0|0,-781,155,0,OPTION_SPECIFIC_SEMANTICS
KOSPI200_PUT_U,20251027,-1364,sv_01|sv_03|sv_04|sv_02|sv_05|sv_06|sv_15|sv_00,-1239|4|-123|0|0|0|0|0,-1358,-6,0,OPTION_SPECIFIC_SEMANTICS
KOSPI200_PUT_U,20251028,1374,sv_01|sv_03|sv_04|sv_02|sv_05|sv_06|sv_15|sv_00,1364|1|0|0|0|0|0|0,1365,9,0,OPTION_SPECIFIC_SEMANTICS
KOSPI200_PUT_U,20251029,1722,sv_01|sv_03|sv_04|sv_02|sv_05|sv_06|sv_15|sv_00,1883|115|-1|0|0|0|0|0,1997,-275,0,OPTION_SPECIFIC_SEMANTICS
KOSPI200_PUT_U,20251030,1232,sv_01|sv_03|sv_04|sv_02|sv_05|sv_06|sv_15|sv_00,1398|82|-1|0|0|0|0|0,1479,-247,0,OPTION_SPECIFIC_SEMANTICS
KOSPI200_PUT_U,20251031,1388,sv_01|sv_03|sv_04|sv_02|sv_05|sv_06|sv_15|sv_00,1382|25|0|0|0|0|0|0,1407,-19,0,OPTION_SPECIFIC_SEMANTICS
KOSPI200_PUT_U,20251103,-2573,sv_01|sv_03|sv_04|sv_02|sv_05|sv_06|sv_15|sv_00,-2463|-12|0|0|0|0|0|0,-2475,-98,0,OPTION_SPECIFIC_SEMANTICS
KOSPI200_PUT_U,20251104,-3419,sv_01|sv_03|sv_04|sv_02|sv_05|sv_06|sv_15|sv_00,-2596|47|0|0|0|0|0|0,-2549,-870,0,OPTION_SPECIFIC_SEMANTICS
KOSPI200_PUT_U,20251105,-3655,sv_01|sv_03|sv_04|sv_02|sv_05|sv_06|sv_15|sv_00,-3623|-41|0|0|0|0|0|0,-3664,9,0,OPTION_SPECIFIC_SEMANTICS
KOSPI200_PUT_U,20251106,538,sv_01|sv_03|sv_04|sv_02|sv_05|sv_06|sv_15|sv_00,737|25|-110|0|0|0|0|0,652,-114,0,OPTION_SPECIFIC_SEMANTICS
KOSPI200_PUT_U,20251107,-3941,sv_01|sv_03|sv_04|sv_02|sv_05|sv_06|sv_15|sv_00,-3630|-71|0|0|0|0|0|0,-3701,-240,0,OPTION_SPECIFIC_SEMANTICS
KOSPI200_PUT_U,20251110,1143,sv_01|sv_03|sv_04|sv_02|sv_05|sv_06|sv_15|sv_00,1133|88|0|0|0|0|0|0,1221,-78,0,OPTION_SPECIFIC_SEMANTICS
KOSPI200_PUT_U,20251111,-448,sv_01|sv_03|sv_04|sv_02|sv_05|sv_06|sv_15|sv_00,-548|-70|0|0|0|0|0|0,-618,170,0,OPTION_SPECIFIC_SEMANTICS
KOSPI200_PUT_U,20251112,-15573,sv_01|sv_03|sv_04|sv_02|sv_05|sv_06|sv_15|sv_00,-16150|161|1|0|9|0|0|0,-15979,406,0,OPTION_SPECIFIC_SEMANTICS
KOSPI200_PUT_U,20251113,-33338,sv_01|sv_03|sv_04|sv_02|sv_05|sv_06|sv_15|sv_00,-32899|-51|24|-2|-9|860|0|0,-32077,-1261,0,OPTION_SPECIFIC_SEMANTICS
KOSPI200_PUT_U,20251114,-334,sv_01|sv_03|sv_04|sv_02|sv_05|sv_06|sv_15|sv_00,-543|216|0|0|0|0|0|0,-327,-7,0,OPTION_SPECIFIC_SEMANTICS
KOSPI200_PUT_U,20251117,-654,sv_01|sv_03|sv_04|sv_02|sv_05|sv_06|sv_15|sv_00,-609|20|3|0|0|0|0|0,-586,-68,0,OPTION_SPECIFIC_SEMANTICS
KOSPI200_PUT_U,20251118,11,sv_01|sv_03|sv_04|sv_02|sv_05|sv_06|sv_15|sv_00,96|-73|0|0|0|0|0|0,23,-12,0,OPTION_SPECIFIC_SEMANTICS
KOSPI200_PUT_U,20251119,386,sv_01|sv_03|sv_04|sv_02|sv_05|sv_06|sv_15|sv_00,449|53|-100|0|0|0|0|0,402,-16,0,OPTION_SPECIFIC_SEMANTICS
KOSPI200_PUT_U,20251120,403,sv_01|sv_03|sv_04|sv_02|sv_05|sv_06|sv_15|sv_00,565|-161|0|0|0|0|0|0,404,-1,0,OPTION_SPECIFIC_SEMANTICS
KOSPI200_PUT_U,20251121,297,sv_01|sv_03|sv_04|sv_02|sv_05|sv_06|sv_15|sv_00,49|228|0|0|0|0|0|0,277,20,0,OPTION_SPECIFIC_SEMANTICS
KOSPI200_PUT_U,20251124,735,sv_01|sv_03|sv_04|sv_02|sv_05|sv_06|sv_15|sv_00,719|5|0|0|0|0|0|0,724,11,0,OPTION_SPECIFIC_SEMANTICS
KOSPI200_PUT_U,20251125,1683,sv_01|sv_03|sv_04|sv_02|sv_05|sv_06|sv_15|sv_00,1677|1|0|0|0|0|0|0,1678,5,0,OPTION_SPECIFIC_SEMANTICS
KOSPI200_PUT_U,20251126,4057,sv_01|sv_03|sv_04|sv_02|sv_05|sv_06|sv_15|sv_00,4133|-49|0|0|0|0|0|0,4084,-27,0,OPTION_SPECIFIC_SEMANTICS
KOSPI200_PUT_U,20251127,1368,sv_01|sv_03|sv_04|sv_02|sv_05|sv_06|sv_15|sv_00,1377|1|0|0|0|0|0|0,1378,-10,0,OPTION_SPECIFIC_SEMANTICS
KOSPI200_PUT_U,20251128,-1450,sv_01|sv_03|sv_04|sv_02|sv_05|sv_06|sv_15|sv_00,-1494|48|0|0|0|0|0|0,-1446,-4,0,OPTION_SPECIFIC_SEMANTICS
KOSPI200_PUT_U,20251201,-747,sv_01|sv_03|sv_04|sv_02|sv_05|sv_06|sv_15|sv_00,-677|-54|0|0|0|0|0|0,-731,-16,0,OPTION_SPECIFIC_SEMANTICS
KOSPI200_PUT_U,20251202,1813,sv_01|sv_03|sv_04|sv_02|sv_05|sv_06|sv_15|sv_00,1850|-24|1|0|0|0|0|0,1827,-14,0,OPTION_SPECIFIC_SEMANTICS
KOSPI200_PUT_U,20251203,-455,sv_01|sv_03|sv_04|sv_02|sv_05|sv_06|sv_15|sv_00,-538|81|-1|0|0|0|0|0,-458,3,0,OPTION_SPECIFIC_SEMANTICS
KOSPI200_PUT_U,20251204,-1993,sv_01|sv_03|sv_04|sv_02|sv_05|sv_06|sv_15|sv_00,-1295|-57|-140|0|0|0|0|0,-1492,-501,0,OPTION_SPECIFIC_SEMANTICS
KOSPI200_PUT_U,20251205,-2319,sv_01|sv_03|sv_04|sv_02|sv_05|sv_06|sv_15|sv_00,-2321|9|0|0|0|0|0|0,-2312,-7,0,OPTION_SPECIFIC_SEMANTICS
KOSPI200_PUT_U,20251208,-3507,sv_01|sv_03|sv_04|sv_02|sv_05|sv_06|sv_15|sv_00,-3522|10|1|0|0|0|0|0,-3511,4,0,OPTION_SPECIFIC_SEMANTICS
KOSPI200_PUT_U,20251209,-1884,sv_01|sv_03|sv_04|sv_02|sv_05|sv_06|sv_15|sv_00,-2106|299|1|0|0|0|0|0,-1806,-78,0,OPTION_SPECIFIC_SEMANTICS
KOSPI200_PUT_U,20251210,-10098,sv_01|sv_03|sv_04|sv_02|sv_05|sv_06|sv_15|sv_00,-9339|69|6|0|0|0|0|0,-9264,-834,0,OPTION_SPECIFIC_SEMANTICS
KOSPI200_PUT_U,20251211,-24616,sv_01|sv_03|sv_04|sv_02|sv_05|sv_06|sv_15|sv_00,-20722|110|2|-2|0|0|0|0,-20612,-4004,0,OPTION_SPECIFIC_SEMANTICS
KOSPI200_PUT_U,20251212,391,sv_01|sv_03|sv_04|sv_02|sv_05|sv_06|sv_15|sv_00,559|-166|0|0|0|0|0|0,393,-2,0,OPTION_SPECIFIC_SEMANTICS
KOSPI200_PUT_U,20251215,1881,sv_01|sv_03|sv_04|sv_02|sv_05|sv_06|sv_15|sv_00,1832|50|1|0|0|0|0|0,1883,-2,0,OPTION_SPECIFIC_SEMANTICS
KOSPI200_PUT_U,20251216,-232,sv_01|sv_03|sv_04|sv_02|sv_05|sv_06|sv_15|sv_00,-354|46|0|0|0|80|0|0,-228,-4,0,OPTION_SPECIFIC_SEMANTICS
KOSPI200_PUT_U,20251218,243,sv_01|sv_03|sv_04|sv_02|sv_05|sv_06|sv_15|sv_00,389|2|-150|0|0|0|0|0,241,2,0,OPTION_SPECIFIC_SEMANTICS
KOSPI200_PUT_U,20251219,-704,sv_01|sv_03|sv_04|sv_02|sv_05|sv_06|sv_15|sv_00,-504|4|-201|0|0|0|0|0,-701,-3,0,OPTION_SPECIFIC_SEMANTICS
KOSPI200_PUT_U,20251222,852,sv_01|sv_03|sv_04|sv_02|sv_05|sv_06|sv_15|sv_00,853|4|0|0|0|0|0|0,857,-5,0,OPTION_SPECIFIC_SEMANTICS
KOSPI200_PUT_U,20251223,2719,sv_01|sv_03|sv_04|sv_02|sv_05|sv_06|sv_15|sv_00,2418|447|-150|0|0|0|0|0,2715,4,0,OPTION_SPECIFIC_SEMANTICS
